2026-04-04T16:00:54.412+0200	DEBUG	Task added	{"taskId": "0e5fabf4-4aad-45c7-a01a-f2b11ff26b38", "downloadId": "89bb713a-062f-48b1-858b-5532aa7dc91d"}
2026-04-04T16:00:54.512+0200	DEBUG	download event	{"type": "start", "downloadId": "89bb713a-062f-48b1-858b-5532aa7dc91d", "taskId": "0e5fabf4-4aad-45c7-a01a-f2b11ff26b38", "data[any]": 10485760000}
2026-04-04T16:00:54.712+0200	DEBUG	download event	{"type": "update", "downloadId": "89bb713a-062f-48b1-858b-5532aa7dc91d", "taskId": "0e5fabf4-4aad-45c7-a01a-f2b11ff26b38", "data[any]": 5553852}
2026-04-04T16:00:54.912+0200	DEBUG	download event	{"type": "update", "downloadId": "89bb713a-062f-48b1-858b-5532aa7dc91d", "taskId": "0e5fabf4-4aad-45c7-a01a-f2b11ff26b38", "data[any]": 17825468}
2026-04-04T16:00:55.112+0200	DEBUG	download event	{"type": "update", "downloadId": "89bb713a-062f-48b1-858b-5532aa7dc91d", "taskId": "0e5fabf4-4aad-45c7-a01a-f2b11ff26b38", "data[any]": 38076092}
2026-04-04T16:00:55.313+0200	DEBUG	download event	{"type": "update", "downloadId": "89bb713a-062f-48b1-858b-5532aa7dc91d", "taskId": "0e5fabf4-4aad-45c7-a01a-f2b11ff26b38", "data[any]": 50577084}
2026-04-04T16:00:55.512+0200	DEBUG	download event	{"type": "update", "downloadId": "89bb713a-062f-48b1-858b-5532aa7dc91d", "taskId": "0e5fabf4-4aad-45c7-a01a-f2b11ff26b38", "data[any]": 63848124}
2026-04-04T16:00:55.712+0200	DEBUG	download event	{"type": "update", "downloadId": "89bb713a-062f-48b1-858b-5532aa7dc91d", "taskId": "0e5fabf4-4aad-45c7-a01a-f2b11ff26b38", "data[any]": 77545148}
2026-04-04T16:00:55.913+0200	DEBUG	download event	{"type": "update", "downloadId": "89bb713a-062f-48b1-858b-5532aa7dc91d", "taskId": "0e5fabf4-4aad-45c7-a01a-f2b11ff26b38", "data[any]": 92405436}
2026-04-04T16:00:56.112+0200	DEBUG	download event	{"type": "update", "downloadId": "89bb713a-062f-48b1-858b-5532aa7dc91d", "taskId": "0e5fabf4-4aad-45c7-a01a-f2b11ff26b38", "data[any]": 107478716}
2026-04-04T16:00:56.312+0200	DEBUG	download event	{"type": "update", "downloadId": "89bb713a-062f-48b1-858b-5532aa7dc91d", "taskId": "0e5fabf4-4aad-45c7-a01a-f2b11ff26b38", "data[any]": 123453116}
2026-04-04T16:00:56.512+0200	DEBUG	download event	{"type": "update", "downloadId": "89bb713a-062f-48b1-858b-5532aa7dc91d", "taskId": "0e5fabf4-4aad-45c7-a01a-f2b11ff26b38", "data[any]": 134839996}
2026-04-04T16:00:56.713+0200	DEBUG	download event	{"type": "update", "downloadId": "89bb713a-062f-48b1-858b-5532aa7dc91d", "taskId": "0e5fabf4-4aad-45c7-a01a-f2b11ff26b38", "data[any]": 146292412}
2026-04-04T16:00:56.912+0200	DEBUG	download event	{"type": "update", "downloadId": "89bb713a-062f-48b1-858b-5532aa7dc91d", "taskId": "0e5fabf4-4aad-45c7-a01a-f2b11ff26b38", "data[any]": 158023356}
2026-04-04T16:00:57.112+0200	DEBUG	download event	{"type": "update", "downloadId": "89bb713a-062f-48b1-858b-5532aa7dc91d", "taskId": "0e5fabf4-4aad-45c7-a01a-f2b11ff26b38", "data[any]": 170098364}
2026-04-04T16:00:57.312+0200	DEBUG	download event	{"type": "update", "downloadId": "89bb713a-062f-48b1-858b-5532aa7dc91d", "taskId": "0e5fabf4-4aad-45c7-a01a-f2b11ff26b38", "data[any]": 182468284}
2026-04-04T16:00:57.512+0200	DEBUG	download event	{"type": "update", "downloadId": "89bb713a-062f-48b1-858b-5532aa7dc91d", "taskId": "0e5fabf4-4aad-45c7-a01a-f2b11ff26b38", "data[any]": 194657980}
2026-04-04T16:00:57.712+0200	DEBUG	download event	{"type": "update", "downloadId": "89bb713a-062f-48b1-858b-5532aa7dc91d", "taskId": "0e5fabf4-4aad-45c7-a01a-f2b11ff26b38", "data[any]": 207027900}
2026-04-04T16:00:57.913+0200	DEBUG	download event	{"type": "update", "downloadId": "89bb713a-062f-48b1-858b-5532aa7dc91d", "taskId": "0e5fabf4-4aad-45c7-a01a-f2b11ff26b38", "data[any]": 219610812}
2026-04-04T16:00:58.113+0200	DEBUG	download event	{"type": "update", "downloadId": "89bb713a-062f-48b1-858b-5532aa7dc91d", "taskId": "0e5fabf4-4aad-45c7-a01a-f2b11ff26b38", "data[any]": 232570556}
2026-04-04T16:00:58.312+0200	DEBUG	download event	{"type": "update", "downloadId": "89bb713a-062f-48b1-858b-5532aa7dc91d", "taskId": "0e5fabf4-4aad-45c7-a01a-f2b11ff26b38", "data[any]": 245776060}
2026-04-04T16:00:58.512+0200	DEBUG	download event	{"type": "update", "downloadId": "89bb713a-062f-48b1-858b-5532aa7dc91d", "taskId": "0e5fabf4-4aad-45c7-a01a-f2b11ff26b38", "data[any]": 258735804}
2026-04-04T16:00:58.712+0200	DEBUG	download event	{"type": "update", "downloadId": "89bb713a-062f-48b1-858b-5532aa7dc91d", "taskId": "0e5fabf4-4aad-45c7-a01a-f2b11ff26b38", "data[any]": 272023228}
2026-04-04T16:00:58.912+0200	DEBUG	download event	{"type": "update", "downloadId": "89bb713a-062f-48b1-858b-5532aa7dc91d", "taskId": "0e5fabf4-4aad-45c7-a01a-f2b11ff26b38", "data[any]": 285048508}
2026-04-04T16:00:59.112+0200	DEBUG	download event	{"type": "update", "downloadId": "89bb713a-062f-48b1-858b-5532aa7dc91d", "taskId": "0e5fabf4-4aad-45c7-a01a-f2b11ff26b38", "data[any]": 298434236}
2026-04-04T16:00:59.312+0200	DEBUG	download event	{"type": "update", "downloadId": "89bb713a-062f-48b1-858b-5532aa7dc91d", "taskId": "0e5fabf4-4aad-45c7-a01a-f2b11ff26b38", "data[any]": 311656124}
2026-04-04T16:00:59.512+0200	DEBUG	download event	{"type": "update", "downloadId": "89bb713a-062f-48b1-858b-5532aa7dc91d", "taskId": "0e5fabf4-4aad-45c7-a01a-f2b11ff26b38", "data[any]": 324730556}
2026-04-04T16:00:59.712+0200	DEBUG	download event	{"type": "update", "downloadId": "89bb713a-062f-48b1-858b-5532aa7dc91d", "taskId": "0e5fabf4-4aad-45c7-a01a-f2b11ff26b38", "data[any]": 338345660}
2026-04-04T16:00:59.912+0200	DEBUG	download event	{"type": "update", "downloadId": "89bb713a-062f-48b1-858b-5532aa7dc91d", "taskId": "0e5fabf4-4aad-45c7-a01a-f2b11ff26b38", "data[any]": 352140988}
2026-04-04T16:01:00.113+0200	DEBUG	download event	{"type": "update", "downloadId": "89bb713a-062f-48b1-858b-5532aa7dc91d", "taskId": "0e5fabf4-4aad-45c7-a01a-f2b11ff26b38", "data[any]": 366116540}
2026-04-04T16:01:00.312+0200	DEBUG	download event	{"type": "update", "downloadId": "89bb713a-062f-48b1-858b-5532aa7dc91d", "taskId": "0e5fabf4-4aad-45c7-a01a-f2b11ff26b38", "data[any]": 380010172}
2026-04-04T16:01:00.513+0200	DEBUG	download event	{"type": "update", "downloadId": "89bb713a-062f-48b1-858b-5532aa7dc91d", "taskId": "0e5fabf4-4aad-45c7-a01a-f2b11ff26b38", "data[any]": 394084028}
2026-04-04T16:01:00.712+0200	DEBUG	download event	{"type": "update", "downloadId": "89bb713a-062f-48b1-858b-5532aa7dc91d", "taskId": "0e5fabf4-4aad-45c7-a01a-f2b11ff26b38", "data[any]": 408338108}
2026-04-04T16:01:00.913+0200	DEBUG	download event	{"type": "update", "downloadId": "89bb713a-062f-48b1-858b-5532aa7dc91d", "taskId": "0e5fabf4-4aad-45c7-a01a-f2b11ff26b38", "data[any]": 422444732}
2026-04-04T16:01:01.112+0200	DEBUG	download event	{"type": "update", "downloadId": "89bb713a-062f-48b1-858b-5532aa7dc91d", "taskId": "0e5fabf4-4aad-45c7-a01a-f2b11ff26b38", "data[any]": 437059260}
2026-04-04T16:01:01.312+0200	DEBUG	download event	{"type": "update", "downloadId": "89bb713a-062f-48b1-858b-5532aa7dc91d", "taskId": "0e5fabf4-4aad-45c7-a01a-f2b11ff26b38", "data[any]": 451985084}
2026-04-04T16:01:01.512+0200	DEBUG	download event	{"type": "update", "downloadId": "89bb713a-062f-48b1-858b-5532aa7dc91d", "taskId": "0e5fabf4-4aad-45c7-a01a-f2b11ff26b38", "data[any]": 463404732}
2026-04-04T16:01:01.712+0200	DEBUG	download event	{"type": "update", "downloadId": "89bb713a-062f-48b1-858b-5532aa7dc91d", "taskId": "0e5fabf4-4aad-45c7-a01a-f2b11ff26b38", "data[any]": 474070716}
2026-04-04T16:01:01.912+0200	DEBUG	download event	{"type": "update", "downloadId": "89bb713a-062f-48b1-858b-5532aa7dc91d", "taskId": "0e5fabf4-4aad-45c7-a01a-f2b11ff26b38", "data[any]": 484720316}
2026-04-04T16:01:02.112+0200	DEBUG	download event	{"type": "update", "downloadId": "89bb713a-062f-48b1-858b-5532aa7dc91d", "taskId": "0e5fabf4-4aad-45c7-a01a-f2b11ff26b38", "data[any]": 495959740}
2026-04-04T16:01:02.313+0200	DEBUG	download event	{"type": "update", "downloadId": "89bb713a-062f-48b1-858b-5532aa7dc91d", "taskId": "0e5fabf4-4aad-45c7-a01a-f2b11ff26b38", "data[any]": 507559612}
2026-04-04T16:01:02.512+0200	DEBUG	download event	{"type": "update", "downloadId": "89bb713a-062f-48b1-858b-5532aa7dc91d", "taskId": "0e5fabf4-4aad-45c7-a01a-f2b11ff26b38", "data[any]": 518815420}
2026-04-04T16:01:02.713+0200	DEBUG	download event	{"type": "update", "downloadId": "89bb713a-062f-48b1-858b-5532aa7dc91d", "taskId": "0e5fabf4-4aad-45c7-a01a-f2b11ff26b38", "data[any]": 530972348}
2026-04-04T16:01:02.912+0200	DEBUG	download event	{"type": "update", "downloadId": "89bb713a-062f-48b1-858b-5532aa7dc91d", "taskId": "0e5fabf4-4aad-45c7-a01a-f2b11ff26b38", "data[any]": 543342268}
2026-04-04T16:01:03.112+0200	DEBUG	download event	{"type": "update", "downloadId": "89bb713a-062f-48b1-858b-5532aa7dc91d", "taskId": "0e5fabf4-4aad-45c7-a01a-f2b11ff26b38", "data[any]": 555548348}
2026-04-04T16:01:03.312+0200	DEBUG	download event	{"type": "update", "downloadId": "89bb713a-062f-48b1-858b-5532aa7dc91d", "taskId": "0e5fabf4-4aad-45c7-a01a-f2b11ff26b38", "data[any]": 567934652}
2026-04-04T16:01:03.512+0200	DEBUG	download event	{"type": "update", "downloadId": "89bb713a-062f-48b1-858b-5532aa7dc91d", "taskId": "0e5fabf4-4aad-45c7-a01a-f2b11ff26b38", "data[any]": 580894396}
2026-04-04T16:01:03.712+0200	DEBUG	download event	{"type": "update", "downloadId": "89bb713a-062f-48b1-858b-5532aa7dc91d", "taskId": "0e5fabf4-4aad-45c7-a01a-f2b11ff26b38", "data[any]": 593886908}
2026-04-04T16:01:03.912+0200	DEBUG	download event	{"type": "update", "downloadId": "89bb713a-062f-48b1-858b-5532aa7dc91d", "taskId": "0e5fabf4-4aad-45c7-a01a-f2b11ff26b38", "data[any]": 607190716}
2026-04-04T16:01:04.113+0200	DEBUG	download event	{"type": "update", "downloadId": "89bb713a-062f-48b1-858b-5532aa7dc91d", "taskId": "0e5fabf4-4aad-45c7-a01a-f2b11ff26b38", "data[any]": 620265148}
2026-04-04T16:01:04.312+0200	DEBUG	download event	{"type": "update", "downloadId": "89bb713a-062f-48b1-858b-5532aa7dc91d", "taskId": "0e5fabf4-4aad-45c7-a01a-f2b11ff26b38", "data[any]": 633552572}
2026-04-04T16:01:04.512+0200	DEBUG	download event	{"type": "update", "downloadId": "89bb713a-062f-48b1-858b-5532aa7dc91d", "taskId": "0e5fabf4-4aad-45c7-a01a-f2b11ff26b38", "data[any]": 647134908}
2026-04-04T16:01:04.712+0200	DEBUG	download event	{"type": "update", "downloadId": "89bb713a-062f-48b1-858b-5532aa7dc91d", "taskId": "0e5fabf4-4aad-45c7-a01a-f2b11ff26b38", "data[any]": 661061308}
2026-04-04T16:01:04.912+0200	DEBUG	download event	{"type": "update", "downloadId": "89bb713a-062f-48b1-858b-5532aa7dc91d", "taskId": "0e5fabf4-4aad-45c7-a01a-f2b11ff26b38", "data[any]": 675102396}
2026-04-04T16:01:05.112+0200	DEBUG	download event	{"type": "update", "downloadId": "89bb713a-062f-48b1-858b-5532aa7dc91d", "taskId": "0e5fabf4-4aad-45c7-a01a-f2b11ff26b38", "data[any]": 689077948}
2026-04-04T16:01:05.312+0200	DEBUG	download event	{"type": "update", "downloadId": "89bb713a-062f-48b1-858b-5532aa7dc91d", "taskId": "0e5fabf4-4aad-45c7-a01a-f2b11ff26b38", "data[any]": 703086268}
2026-04-04T16:01:05.512+0200	DEBUG	download event	{"type": "update", "downloadId": "89bb713a-062f-48b1-858b-5532aa7dc91d", "taskId": "0e5fabf4-4aad-45c7-a01a-f2b11ff26b38", "data[any]": 717192892}
2026-04-04T16:01:05.712+0200	DEBUG	download event	{"type": "update", "downloadId": "89bb713a-062f-48b1-858b-5532aa7dc91d", "taskId": "0e5fabf4-4aad-45c7-a01a-f2b11ff26b38", "data[any]": 731283132}
2026-04-04T16:01:05.912+0200	DEBUG	download event	{"type": "update", "downloadId": "89bb713a-062f-48b1-858b-5532aa7dc91d", "taskId": "0e5fabf4-4aad-45c7-a01a-f2b11ff26b38", "data[any]": 745258684}
2026-04-04T16:01:06.113+0200	DEBUG	download event	{"type": "update", "downloadId": "89bb713a-062f-48b1-858b-5532aa7dc91d", "taskId": "0e5fabf4-4aad-45c7-a01a-f2b11ff26b38", "data[any]": 759463612}
2026-04-04T16:01:06.312+0200	DEBUG	download event	{"type": "update", "downloadId": "89bb713a-062f-48b1-858b-5532aa7dc91d", "taskId": "0e5fabf4-4aad-45c7-a01a-f2b11ff26b38", "data[any]": 773619388}
2026-04-04T16:01:06.512+0200	DEBUG	download event	{"type": "update", "downloadId": "89bb713a-062f-48b1-858b-5532aa7dc91d", "taskId": "0e5fabf4-4aad-45c7-a01a-f2b11ff26b38", "data[any]": 788201148}
2026-04-04T16:01:06.712+0200	DEBUG	download event	{"type": "update", "downloadId": "89bb713a-062f-48b1-858b-5532aa7dc91d", "taskId": "0e5fabf4-4aad-45c7-a01a-f2b11ff26b38", "data[any]": 802979516}
2026-04-04T16:01:06.913+0200	DEBUG	download event	{"type": "update", "downloadId": "89bb713a-062f-48b1-858b-5532aa7dc91d", "taskId": "0e5fabf4-4aad-45c7-a01a-f2b11ff26b38", "data[any]": 817839804}
2026-04-04T16:01:07.112+0200	DEBUG	download event	{"type": "update", "downloadId": "89bb713a-062f-48b1-858b-5532aa7dc91d", "taskId": "0e5fabf4-4aad-45c7-a01a-f2b11ff26b38", "data[any]": 832536252}
2026-04-04T16:01:07.312+0200	DEBUG	download event	{"type": "update", "downloadId": "89bb713a-062f-48b1-858b-5532aa7dc91d", "taskId": "0e5fabf4-4aad-45c7-a01a-f2b11ff26b38", "data[any]": 847445692}
2026-04-04T16:01:07.512+0200	DEBUG	download event	{"type": "update", "downloadId": "89bb713a-062f-48b1-858b-5532aa7dc91d", "taskId": "0e5fabf4-4aad-45c7-a01a-f2b11ff26b38", "data[any]": 862305980}
2026-04-04T16:01:07.712+0200	DEBUG	download event	{"type": "update", "downloadId": "89bb713a-062f-48b1-858b-5532aa7dc91d", "taskId": "0e5fabf4-4aad-45c7-a01a-f2b11ff26b38", "data[any]": 877182652}
2026-04-04T16:01:07.912+0200	DEBUG	download event	{"type": "update", "downloadId": "89bb713a-062f-48b1-858b-5532aa7dc91d", "taskId": "0e5fabf4-4aad-45c7-a01a-f2b11ff26b38", "data[any]": 891993788}
2026-04-04T16:01:08.113+0200	DEBUG	download event	{"type": "update", "downloadId": "89bb713a-062f-48b1-858b-5532aa7dc91d", "taskId": "0e5fabf4-4aad-45c7-a01a-f2b11ff26b38", "data[any]": 906870460}
2026-04-04T16:01:08.312+0200	DEBUG	download event	{"type": "update", "downloadId": "89bb713a-062f-48b1-858b-5532aa7dc91d", "taskId": "0e5fabf4-4aad-45c7-a01a-f2b11ff26b38", "data[any]": 921796284}
2026-04-04T16:01:08.512+0200	DEBUG	download event	{"type": "update", "downloadId": "89bb713a-062f-48b1-858b-5532aa7dc91d", "taskId": "0e5fabf4-4aad-45c7-a01a-f2b11ff26b38", "data[any]": 936640188}
2026-04-04T16:01:08.712+0200	DEBUG	download event	{"type": "update", "downloadId": "89bb713a-062f-48b1-858b-5532aa7dc91d", "taskId": "0e5fabf4-4aad-45c7-a01a-f2b11ff26b38", "data[any]": 951631548}
2026-04-04T16:01:08.912+0200	DEBUG	download event	{"type": "update", "downloadId": "89bb713a-062f-48b1-858b-5532aa7dc91d", "taskId": "0e5fabf4-4aad-45c7-a01a-f2b11ff26b38", "data[any]": 966491836}
2026-04-04T16:01:09.112+0200	DEBUG	download event	{"type": "update", "downloadId": "89bb713a-062f-48b1-858b-5532aa7dc91d", "taskId": "0e5fabf4-4aad-45c7-a01a-f2b11ff26b38", "data[any]": 982105788}
2026-04-04T16:01:09.312+0200	DEBUG	download event	{"type": "update", "downloadId": "89bb713a-062f-48b1-858b-5532aa7dc91d", "taskId": "0e5fabf4-4aad-45c7-a01a-f2b11ff26b38", "data[any]": 997785276}
2026-04-04T16:01:09.512+0200	DEBUG	download event	{"type": "update", "downloadId": "89bb713a-062f-48b1-858b-5532aa7dc91d", "taskId": "0e5fabf4-4aad-45c7-a01a-f2b11ff26b38", "data[any]": 1013563068}
2026-04-04T16:01:09.712+0200	DEBUG	download event	{"type": "update", "downloadId": "89bb713a-062f-48b1-858b-5532aa7dc91d", "taskId": "0e5fabf4-4aad-45c7-a01a-f2b11ff26b38", "data[any]": 1029340860}
2026-04-04T16:01:09.912+0200	DEBUG	download event	{"type": "update", "downloadId": "89bb713a-062f-48b1-858b-5532aa7dc91d", "taskId": "0e5fabf4-4aad-45c7-a01a-f2b11ff26b38", "data[any]": 1041743548}
2026-04-04T16:01:10.112+0200	DEBUG	download event	{"type": "update", "downloadId": "89bb713a-062f-48b1-858b-5532aa7dc91d", "taskId": "0e5fabf4-4aad-45c7-a01a-f2b11ff26b38", "data[any]": 1052999356}
2026-04-04T16:01:10.312+0200	DEBUG	download event	{"type": "update", "downloadId": "89bb713a-062f-48b1-858b-5532aa7dc91d", "taskId": "0e5fabf4-4aad-45c7-a01a-f2b11ff26b38", "data[any]": 1064812220}
2026-04-04T16:01:10.512+0200	DEBUG	download event	{"type": "update", "downloadId": "89bb713a-062f-48b1-858b-5532aa7dc91d", "taskId": "0e5fabf4-4aad-45c7-a01a-f2b11ff26b38", "data[any]": 1077034684}
2026-04-04T16:01:10.712+0200	DEBUG	download event	{"type": "update", "downloadId": "89bb713a-062f-48b1-858b-5532aa7dc91d", "taskId": "0e5fabf4-4aad-45c7-a01a-f2b11ff26b38", "data[any]": 1089175228}
2026-04-04T16:01:10.912+0200	DEBUG	download event	{"type": "update", "downloadId": "89bb713a-062f-48b1-858b-5532aa7dc91d", "taskId": "0e5fabf4-4aad-45c7-a01a-f2b11ff26b38", "data[any]": 1101758140}
2026-04-04T16:01:11.112+0200	DEBUG	download event	{"type": "update", "downloadId": "89bb713a-062f-48b1-858b-5532aa7dc91d", "taskId": "0e5fabf4-4aad-45c7-a01a-f2b11ff26b38", "data[any]": 1114783420}
2026-04-04T16:01:11.312+0200	DEBUG	download event	{"type": "update", "downloadId": "89bb713a-062f-48b1-858b-5532aa7dc91d", "taskId": "0e5fabf4-4aad-45c7-a01a-f2b11ff26b38", "data[any]": 1127923388}
2026-04-04T16:01:11.512+0200	DEBUG	download event	{"type": "update", "downloadId": "89bb713a-062f-48b1-858b-5532aa7dc91d", "taskId": "0e5fabf4-4aad-45c7-a01a-f2b11ff26b38", "data[any]": 1141292732}
2026-04-04T16:01:11.595+0200	DEBUG	download event	{"type": "cancel", "downloadId": "89bb713a-062f-48b1-858b-5532aa7dc91d", "taskId": "0e5fabf4-4aad-45c7-a01a-f2b11ff26b38", "data[any]": null}
2026-04-04T16:01:34.364+0200	DEBUG	Task added	{"taskId": "c0191779-72e9-4e86-a8e0-17d82eb86c51", "downloadId": "f3d37d94-61e9-4303-b137-3904c4a4c959"}
2026-04-04T16:01:34.439+0200	DEBUG	download event	{"type": "start", "downloadId": "f3d37d94-61e9-4303-b137-3904c4a4c959", "taskId": "c0191779-72e9-4e86-a8e0-17d82eb86c51", "data[any]": 104857600}
2026-04-04T16:01:34.640+0200	DEBUG	download event	{"type": "update", "downloadId": "f3d37d94-61e9-4303-b137-3904c4a4c959", "taskId": "c0191779-72e9-4e86-a8e0-17d82eb86c51", "data[any]": 5619392}
2026-04-04T16:01:34.839+0200	DEBUG	download event	{"type": "update", "downloadId": "f3d37d94-61e9-4303-b137-3904c4a4c959", "taskId": "c0191779-72e9-4e86-a8e0-17d82eb86c51", "data[any]": 17825472}
2026-04-04T16:01:35.039+0200	DEBUG	download event	{"type": "update", "downloadId": "f3d37d94-61e9-4303-b137-3904c4a4c959", "taskId": "c0191779-72e9-4e86-a8e0-17d82eb86c51", "data[any]": 38403776}
2026-04-04T16:01:35.239+0200	DEBUG	download event	{"type": "update", "downloadId": "f3d37d94-61e9-4303-b137-3904c4a4c959", "taskId": "c0191779-72e9-4e86-a8e0-17d82eb86c51", "data[any]": 54263488}
2026-04-04T16:01:35.439+0200	DEBUG	download event	{"type": "update", "downloadId": "f3d37d94-61e9-4303-b137-3904c4a4c959", "taskId": "c0191779-72e9-4e86-a8e0-17d82eb86c51", "data[any]": 70958784}
2026-04-04T16:01:35.640+0200	DEBUG	download event	{"type": "update", "downloadId": "f3d37d94-61e9-4303-b137-3904c4a4c959", "taskId": "c0191779-72e9-4e86-a8e0-17d82eb86c51", "data[any]": 88112832}
2026-04-04T16:01:35.830+0200	DEBUG	download event	{"type": "complete", "downloadId": "f3d37d94-61e9-4303-b137-3904c4a4c959", "taskId": "c0191779-72e9-4e86-a8e0-17d82eb86c51", "data[any]": 104857600}
2026-04-04T16:01:46.310+0200	DEBUG	Task added	{"taskId": "fba2f64d-9333-438f-87b8-5f137499fb63", "downloadId": "890b71b0-502e-40ae-8bf8-fd218c991fee"}
2026-04-04T16:01:46.340+0200	DEBUG	download event	{"type": "start", "downloadId": "890b71b0-502e-40ae-8bf8-fd218c991fee", "taskId": "fba2f64d-9333-438f-87b8-5f137499fb63", "data[any]": 10485760000}
2026-04-04T16:01:46.540+0200	DEBUG	download event	{"type": "update", "downloadId": "890b71b0-502e-40ae-8bf8-fd218c991fee", "taskId": "fba2f64d-9333-438f-87b8-5f137499fb63", "data[any]": 8437436}
2026-04-04T16:01:46.740+0200	DEBUG	download event	{"type": "update", "downloadId": "890b71b0-502e-40ae-8bf8-fd218c991fee", "taskId": "fba2f64d-9333-438f-87b8-5f137499fb63", "data[any]": 19824316}
2026-04-04T16:01:46.940+0200	DEBUG	download event	{"type": "update", "downloadId": "890b71b0-502e-40ae-8bf8-fd218c991fee", "taskId": "fba2f64d-9333-438f-87b8-5f137499fb63", "data[any]": 32128700}
2026-04-04T16:01:47.140+0200	DEBUG	download event	{"type": "update", "downloadId": "890b71b0-502e-40ae-8bf8-fd218c991fee", "taskId": "fba2f64d-9333-438f-87b8-5f137499fb63", "data[any]": 44236476}
2026-04-04T16:01:47.341+0200	DEBUG	download event	{"type": "update", "downloadId": "890b71b0-502e-40ae-8bf8-fd218c991fee", "taskId": "fba2f64d-9333-438f-87b8-5f137499fb63", "data[any]": 56639164}
2026-04-04T16:01:47.540+0200	DEBUG	download event	{"type": "update", "downloadId": "890b71b0-502e-40ae-8bf8-fd218c991fee", "taskId": "fba2f64d-9333-438f-87b8-5f137499fb63", "data[any]": 68828860}
2026-04-04T16:01:47.740+0200	DEBUG	download event	{"type": "update", "downloadId": "890b71b0-502e-40ae-8bf8-fd218c991fee", "taskId": "fba2f64d-9333-438f-87b8-5f137499fb63", "data[any]": 81297084}
2026-04-04T16:01:47.940+0200	DEBUG	download event	{"type": "update", "downloadId": "890b71b0-502e-40ae-8bf8-fd218c991fee", "taskId": "fba2f64d-9333-438f-87b8-5f137499fb63", "data[any]": 94551740}
2026-04-04T16:01:47.971+0200	DEBUG	Task added	{"taskId": "8cb5afb2-f725-4f9a-af2a-7be707d9ebea", "downloadId": "8057f5b6-f11c-4b7d-b486-4c080d4e36df"}
2026-04-04T16:01:48.049+0200	DEBUG	download event	{"type": "start", "downloadId": "8057f5b6-f11c-4b7d-b486-4c080d4e36df", "taskId": "8cb5afb2-f725-4f9a-af2a-7be707d9ebea", "data[any]": 10485760000}
2026-04-04T16:01:48.140+0200	DEBUG	download event	{"type": "update", "downloadId": "890b71b0-502e-40ae-8bf8-fd218c991fee", "taskId": "fba2f64d-9333-438f-87b8-5f137499fb63", "data[any]": 107445948}
2026-04-04T16:01:48.250+0200	DEBUG	download event	{"type": "update", "downloadId": "8057f5b6-f11c-4b7d-b486-4c080d4e36df", "taskId": "8cb5afb2-f725-4f9a-af2a-7be707d9ebea", "data[any]": 5668540}
2026-04-04T16:01:48.340+0200	DEBUG	download event	{"type": "update", "downloadId": "890b71b0-502e-40ae-8bf8-fd218c991fee", "taskId": "fba2f64d-9333-438f-87b8-5f137499fb63", "data[any]": 120438460}
2026-04-04T16:01:48.450+0200	DEBUG	download event	{"type": "update", "downloadId": "8057f5b6-f11c-4b7d-b486-4c080d4e36df", "taskId": "8cb5afb2-f725-4f9a-af2a-7be707d9ebea", "data[any]": 16121532}
2026-04-04T16:01:48.540+0200	DEBUG	download event	{"type": "update", "downloadId": "890b71b0-502e-40ae-8bf8-fd218c991fee", "taskId": "fba2f64d-9333-438f-87b8-5f137499fb63", "data[any]": 132923068}
2026-04-04T16:01:48.650+0200	DEBUG	download event	{"type": "update", "downloadId": "8057f5b6-f11c-4b7d-b486-4c080d4e36df", "taskId": "8cb5afb2-f725-4f9a-af2a-7be707d9ebea", "data[any]": 26164924}
2026-04-04T16:01:48.740+0200	DEBUG	download event	{"type": "update", "downloadId": "890b71b0-502e-40ae-8bf8-fd218c991fee", "taskId": "fba2f64d-9333-438f-87b8-5f137499fb63", "data[any]": 145800892}
2026-04-04T16:01:48.850+0200	DEBUG	download event	{"type": "update", "downloadId": "8057f5b6-f11c-4b7d-b486-4c080d4e36df", "taskId": "8cb5afb2-f725-4f9a-af2a-7be707d9ebea", "data[any]": 36306620}
2026-04-04T16:01:48.940+0200	DEBUG	download event	{"type": "update", "downloadId": "890b71b0-502e-40ae-8bf8-fd218c991fee", "taskId": "fba2f64d-9333-438f-87b8-5f137499fb63", "data[any]": 158777020}
2026-04-04T16:01:49.050+0200	DEBUG	download event	{"type": "update", "downloadId": "8057f5b6-f11c-4b7d-b486-4c080d4e36df", "taskId": "8cb5afb2-f725-4f9a-af2a-7be707d9ebea", "data[any]": 46546620}
2026-04-04T16:01:49.140+0200	DEBUG	download event	{"type": "update", "downloadId": "890b71b0-502e-40ae-8bf8-fd218c991fee", "taskId": "fba2f64d-9333-438f-87b8-5f137499fb63", "data[any]": 171638460}
2026-04-04T16:01:49.250+0200	DEBUG	download event	{"type": "update", "downloadId": "8057f5b6-f11c-4b7d-b486-4c080d4e36df", "taskId": "8cb5afb2-f725-4f9a-af2a-7be707d9ebea", "data[any]": 56950460}
2026-04-04T16:01:49.340+0200	DEBUG	download event	{"type": "update", "downloadId": "890b71b0-502e-40ae-8bf8-fd218c991fee", "taskId": "fba2f64d-9333-438f-87b8-5f137499fb63", "data[any]": 184450748}
2026-04-04T16:01:49.380+0200	DEBUG	Task added	{"taskId": "3f1a2206-7185-4a14-894b-fb5ca4d3dd1e", "downloadId": "380ae894-d9a3-4f17-98b6-9736044dc828"}
2026-04-04T16:01:49.450+0200	DEBUG	download event	{"type": "update", "downloadId": "8057f5b6-f11c-4b7d-b486-4c080d4e36df", "taskId": "8cb5afb2-f725-4f9a-af2a-7be707d9ebea", "data[any]": 67436220}
2026-04-04T16:01:49.459+0200	DEBUG	download event	{"type": "start", "downloadId": "380ae894-d9a3-4f17-98b6-9736044dc828", "taskId": "3f1a2206-7185-4a14-894b-fb5ca4d3dd1e", "data[any]": 10485760000}
2026-04-04T16:01:49.540+0200	DEBUG	download event	{"type": "update", "downloadId": "890b71b0-502e-40ae-8bf8-fd218c991fee", "taskId": "fba2f64d-9333-438f-87b8-5f137499fb63", "data[any]": 196525756}
2026-04-04T16:01:49.650+0200	DEBUG	download event	{"type": "update", "downloadId": "8057f5b6-f11c-4b7d-b486-4c080d4e36df", "taskId": "8cb5afb2-f725-4f9a-af2a-7be707d9ebea", "data[any]": 76299964}
2026-04-04T16:01:49.659+0200	DEBUG	download event	{"type": "update", "downloadId": "380ae894-d9a3-4f17-98b6-9736044dc828", "taskId": "3f1a2206-7185-4a14-894b-fb5ca4d3dd1e", "data[any]": 2768572}
2026-04-04T16:01:49.740+0200	DEBUG	download event	{"type": "update", "downloadId": "890b71b0-502e-40ae-8bf8-fd218c991fee", "taskId": "fba2f64d-9333-438f-87b8-5f137499fb63", "data[any]": 205995708}
2026-04-04T16:01:49.850+0200	DEBUG	download event	{"type": "update", "downloadId": "8057f5b6-f11c-4b7d-b486-4c080d4e36df", "taskId": "8cb5afb2-f725-4f9a-af2a-7be707d9ebea", "data[any]": 84278972}
2026-04-04T16:01:49.859+0200	DEBUG	download event	{"type": "update", "downloadId": "380ae894-d9a3-4f17-98b6-9736044dc828", "taskId": "3f1a2206-7185-4a14-894b-fb5ca4d3dd1e", "data[any]": 6389436}
2026-04-04T16:01:49.940+0200	DEBUG	download event	{"type": "update", "downloadId": "890b71b0-502e-40ae-8bf8-fd218c991fee", "taskId": "fba2f64d-9333-438f-87b8-5f137499fb63", "data[any]": 215695036}
2026-04-04T16:01:50.050+0200	DEBUG	download event	{"type": "update", "downloadId": "8057f5b6-f11c-4b7d-b486-4c080d4e36df", "taskId": "8cb5afb2-f725-4f9a-af2a-7be707d9ebea", "data[any]": 92552892}
2026-04-04T16:01:50.059+0200	DEBUG	download event	{"type": "update", "downloadId": "380ae894-d9a3-4f17-98b6-9736044dc828", "taskId": "3f1a2206-7185-4a14-894b-fb5ca4d3dd1e", "data[any]": 10174140}
2026-04-04T16:01:50.140+0200	DEBUG	download event	{"type": "update", "downloadId": "890b71b0-502e-40ae-8bf8-fd218c991fee", "taskId": "fba2f64d-9333-438f-87b8-5f137499fb63", "data[any]": 225427132}
2026-04-04T16:01:50.250+0200	DEBUG	download event	{"type": "update", "downloadId": "8057f5b6-f11c-4b7d-b486-4c080d4e36df", "taskId": "8cb5afb2-f725-4f9a-af2a-7be707d9ebea", "data[any]": 101007036}
2026-04-04T16:01:50.259+0200	DEBUG	download event	{"type": "update", "downloadId": "380ae894-d9a3-4f17-98b6-9736044dc828", "taskId": "3f1a2206-7185-4a14-894b-fb5ca4d3dd1e", "data[any]": 14106300}
2026-04-04T16:01:50.340+0200	DEBUG	download event	{"type": "update", "downloadId": "890b71b0-502e-40ae-8bf8-fd218c991fee", "taskId": "fba2f64d-9333-438f-87b8-5f137499fb63", "data[any]": 235355836}
2026-04-04T16:01:50.450+0200	DEBUG	download event	{"type": "update", "downloadId": "8057f5b6-f11c-4b7d-b486-4c080d4e36df", "taskId": "8cb5afb2-f725-4f9a-af2a-7be707d9ebea", "data[any]": 109493948}
2026-04-04T16:01:50.459+0200	DEBUG	download event	{"type": "update", "downloadId": "380ae894-d9a3-4f17-98b6-9736044dc828", "taskId": "3f1a2206-7185-4a14-894b-fb5ca4d3dd1e", "data[any]": 18054844}
2026-04-04T16:01:50.540+0200	DEBUG	download event	{"type": "update", "downloadId": "890b71b0-502e-40ae-8bf8-fd218c991fee", "taskId": "fba2f64d-9333-438f-87b8-5f137499fb63", "data[any]": 245563068}
2026-04-04T16:01:50.650+0200	DEBUG	download event	{"type": "update", "downloadId": "8057f5b6-f11c-4b7d-b486-4c080d4e36df", "taskId": "8cb5afb2-f725-4f9a-af2a-7be707d9ebea", "data[any]": 118062780}
2026-04-04T16:01:50.659+0200	DEBUG	download event	{"type": "update", "downloadId": "380ae894-d9a3-4f17-98b6-9736044dc828", "taskId": "3f1a2206-7185-4a14-894b-fb5ca4d3dd1e", "data[any]": 22232764}
2026-04-04T16:01:50.740+0200	DEBUG	download event	{"type": "update", "downloadId": "890b71b0-502e-40ae-8bf8-fd218c991fee", "taskId": "fba2f64d-9333-438f-87b8-5f137499fb63", "data[any]": 255868604}
2026-04-04T16:01:50.850+0200	DEBUG	download event	{"type": "update", "downloadId": "8057f5b6-f11c-4b7d-b486-4c080d4e36df", "taskId": "8cb5afb2-f725-4f9a-af2a-7be707d9ebea", "data[any]": 126713532}
2026-04-04T16:01:50.859+0200	DEBUG	download event	{"type": "update", "downloadId": "380ae894-d9a3-4f17-98b6-9736044dc828", "taskId": "3f1a2206-7185-4a14-894b-fb5ca4d3dd1e", "data[any]": 26410684}
2026-04-04T16:01:50.940+0200	DEBUG	download event	{"type": "update", "downloadId": "890b71b0-502e-40ae-8bf8-fd218c991fee", "taskId": "fba2f64d-9333-438f-87b8-5f137499fb63", "data[any]": 266141372}
2026-04-04T16:01:51.050+0200	DEBUG	download event	{"type": "update", "downloadId": "8057f5b6-f11c-4b7d-b486-4c080d4e36df", "taskId": "8cb5afb2-f725-4f9a-af2a-7be707d9ebea", "data[any]": 135298748}
2026-04-04T16:01:51.059+0200	DEBUG	download event	{"type": "update", "downloadId": "380ae894-d9a3-4f17-98b6-9736044dc828", "taskId": "3f1a2206-7185-4a14-894b-fb5ca4d3dd1e", "data[any]": 30686908}
2026-04-04T16:01:51.140+0200	DEBUG	download event	{"type": "update", "downloadId": "890b71b0-502e-40ae-8bf8-fd218c991fee", "taskId": "fba2f64d-9333-438f-87b8-5f137499fb63", "data[any]": 276348604}
2026-04-04T16:01:51.250+0200	DEBUG	download event	{"type": "update", "downloadId": "8057f5b6-f11c-4b7d-b486-4c080d4e36df", "taskId": "8cb5afb2-f725-4f9a-af2a-7be707d9ebea", "data[any]": 143998652}
2026-04-04T16:01:51.259+0200	DEBUG	download event	{"type": "update", "downloadId": "380ae894-d9a3-4f17-98b6-9736044dc828", "taskId": "3f1a2206-7185-4a14-894b-fb5ca4d3dd1e", "data[any]": 35045052}
2026-04-04T16:01:51.340+0200	DEBUG	download event	{"type": "update", "downloadId": "890b71b0-502e-40ae-8bf8-fd218c991fee", "taskId": "fba2f64d-9333-438f-87b8-5f137499fb63", "data[any]": 286506684}
2026-04-04T16:01:51.450+0200	DEBUG	download event	{"type": "update", "downloadId": "8057f5b6-f11c-4b7d-b486-4c080d4e36df", "taskId": "8cb5afb2-f725-4f9a-af2a-7be707d9ebea", "data[any]": 152649404}
2026-04-04T16:01:51.459+0200	DEBUG	download event	{"type": "update", "downloadId": "380ae894-d9a3-4f17-98b6-9736044dc828", "taskId": "3f1a2206-7185-4a14-894b-fb5ca4d3dd1e", "data[any]": 39419580}
2026-04-04T16:01:51.540+0200	DEBUG	download event	{"type": "update", "downloadId": "890b71b0-502e-40ae-8bf8-fd218c991fee", "taskId": "fba2f64d-9333-438f-87b8-5f137499fb63", "data[any]": 296566460}
2026-04-04T16:01:51.650+0200	DEBUG	download event	{"type": "update", "downloadId": "8057f5b6-f11c-4b7d-b486-4c080d4e36df", "taskId": "8cb5afb2-f725-4f9a-af2a-7be707d9ebea", "data[any]": 161332924}
2026-04-04T16:01:51.659+0200	DEBUG	download event	{"type": "update", "downloadId": "380ae894-d9a3-4f17-98b6-9736044dc828", "taskId": "3f1a2206-7185-4a14-894b-fb5ca4d3dd1e", "data[any]": 43876028}
2026-04-04T16:01:51.740+0200	DEBUG	download event	{"type": "update", "downloadId": "890b71b0-502e-40ae-8bf8-fd218c991fee", "taskId": "fba2f64d-9333-438f-87b8-5f137499fb63", "data[any]": 306659004}
2026-04-04T16:01:51.850+0200	DEBUG	download event	{"type": "update", "downloadId": "8057f5b6-f11c-4b7d-b486-4c080d4e36df", "taskId": "8cb5afb2-f725-4f9a-af2a-7be707d9ebea", "data[any]": 169967292}
2026-04-04T16:01:51.859+0200	DEBUG	download event	{"type": "update", "downloadId": "380ae894-d9a3-4f17-98b6-9736044dc828", "taskId": "3f1a2206-7185-4a14-894b-fb5ca4d3dd1e", "data[any]": 48348860}
2026-04-04T16:01:51.940+0200	DEBUG	download event	{"type": "update", "downloadId": "890b71b0-502e-40ae-8bf8-fd218c991fee", "taskId": "fba2f64d-9333-438f-87b8-5f137499fb63", "data[any]": 316718780}
2026-04-04T16:01:52.050+0200	DEBUG	download event	{"type": "update", "downloadId": "8057f5b6-f11c-4b7d-b486-4c080d4e36df", "taskId": "8cb5afb2-f725-4f9a-af2a-7be707d9ebea", "data[any]": 178536124}
2026-04-04T16:01:52.059+0200	DEBUG	download event	{"type": "update", "downloadId": "380ae894-d9a3-4f17-98b6-9736044dc828", "taskId": "3f1a2206-7185-4a14-894b-fb5ca4d3dd1e", "data[any]": 52854460}
2026-04-04T16:01:52.140+0200	DEBUG	download event	{"type": "update", "downloadId": "890b71b0-502e-40ae-8bf8-fd218c991fee", "taskId": "fba2f64d-9333-438f-87b8-5f137499fb63", "data[any]": 326762172}
2026-04-04T16:01:52.250+0200	DEBUG	download event	{"type": "update", "downloadId": "8057f5b6-f11c-4b7d-b486-4c080d4e36df", "taskId": "8cb5afb2-f725-4f9a-af2a-7be707d9ebea", "data[any]": 187088572}
2026-04-04T16:01:52.259+0200	DEBUG	download event	{"type": "update", "downloadId": "380ae894-d9a3-4f17-98b6-9736044dc828", "taskId": "3f1a2206-7185-4a14-894b-fb5ca4d3dd1e", "data[any]": 57491132}
2026-04-04T16:01:52.340+0200	DEBUG	download event	{"type": "update", "downloadId": "890b71b0-502e-40ae-8bf8-fd218c991fee", "taskId": "fba2f64d-9333-438f-87b8-5f137499fb63", "data[any]": 336723644}
2026-04-04T16:01:52.450+0200	DEBUG	download event	{"type": "update", "downloadId": "8057f5b6-f11c-4b7d-b486-4c080d4e36df", "taskId": "8cb5afb2-f725-4f9a-af2a-7be707d9ebea", "data[any]": 195444412}
2026-04-04T16:01:52.459+0200	DEBUG	download event	{"type": "update", "downloadId": "380ae894-d9a3-4f17-98b6-9736044dc828", "taskId": "3f1a2206-7185-4a14-894b-fb5ca4d3dd1e", "data[any]": 62209724}
2026-04-04T16:01:52.540+0200	DEBUG	download event	{"type": "update", "downloadId": "890b71b0-502e-40ae-8bf8-fd218c991fee", "taskId": "fba2f64d-9333-438f-87b8-5f137499fb63", "data[any]": 345554620}
2026-04-04T16:01:52.650+0200	DEBUG	download event	{"type": "update", "downloadId": "8057f5b6-f11c-4b7d-b486-4c080d4e36df", "taskId": "8cb5afb2-f725-4f9a-af2a-7be707d9ebea", "data[any]": 202342076}
2026-04-04T16:01:52.659+0200	DEBUG	download event	{"type": "update", "downloadId": "380ae894-d9a3-4f17-98b6-9736044dc828", "taskId": "3f1a2206-7185-4a14-894b-fb5ca4d3dd1e", "data[any]": 67518140}
2026-04-04T16:01:52.740+0200	DEBUG	download event	{"type": "update", "downloadId": "890b71b0-502e-40ae-8bf8-fd218c991fee", "taskId": "fba2f64d-9333-438f-87b8-5f137499fb63", "data[any]": 353517244}
2026-04-04T16:01:52.850+0200	DEBUG	download event	{"type": "update", "downloadId": "8057f5b6-f11c-4b7d-b486-4c080d4e36df", "taskId": "8cb5afb2-f725-4f9a-af2a-7be707d9ebea", "data[any]": 209403580}
2026-04-04T16:01:52.859+0200	DEBUG	download event	{"type": "update", "downloadId": "380ae894-d9a3-4f17-98b6-9736044dc828", "taskId": "3f1a2206-7185-4a14-894b-fb5ca4d3dd1e", "data[any]": 72974012}
2026-04-04T16:01:52.940+0200	DEBUG	download event	{"type": "update", "downloadId": "890b71b0-502e-40ae-8bf8-fd218c991fee", "taskId": "fba2f64d-9333-438f-87b8-5f137499fb63", "data[any]": 361660092}
2026-04-04T16:01:53.050+0200	DEBUG	download event	{"type": "update", "downloadId": "8057f5b6-f11c-4b7d-b486-4c080d4e36df", "taskId": "8cb5afb2-f725-4f9a-af2a-7be707d9ebea", "data[any]": 216776380}
2026-04-04T16:01:53.059+0200	DEBUG	download event	{"type": "update", "downloadId": "380ae894-d9a3-4f17-98b6-9736044dc828", "taskId": "3f1a2206-7185-4a14-894b-fb5ca4d3dd1e", "data[any]": 78626492}
2026-04-04T16:01:53.140+0200	DEBUG	download event	{"type": "update", "downloadId": "890b71b0-502e-40ae-8bf8-fd218c991fee", "taskId": "fba2f64d-9333-438f-87b8-5f137499fb63", "data[any]": 369999548}
2026-04-04T16:01:53.250+0200	DEBUG	download event	{"type": "update", "downloadId": "8057f5b6-f11c-4b7d-b486-4c080d4e36df", "taskId": "8cb5afb2-f725-4f9a-af2a-7be707d9ebea", "data[any]": 224329404}
2026-04-04T16:01:53.259+0200	DEBUG	download event	{"type": "update", "downloadId": "380ae894-d9a3-4f17-98b6-9736044dc828", "taskId": "3f1a2206-7185-4a14-894b-fb5ca4d3dd1e", "data[any]": 84328124}
2026-04-04T16:01:53.340+0200	DEBUG	download event	{"type": "update", "downloadId": "890b71b0-502e-40ae-8bf8-fd218c991fee", "taskId": "fba2f64d-9333-438f-87b8-5f137499fb63", "data[any]": 378535612}
2026-04-04T16:01:53.450+0200	DEBUG	download event	{"type": "update", "downloadId": "8057f5b6-f11c-4b7d-b486-4c080d4e36df", "taskId": "8cb5afb2-f725-4f9a-af2a-7be707d9ebea", "data[any]": 232029884}
2026-04-04T16:01:53.460+0200	DEBUG	download event	{"type": "update", "downloadId": "380ae894-d9a3-4f17-98b6-9736044dc828", "taskId": "3f1a2206-7185-4a14-894b-fb5ca4d3dd1e", "data[any]": 90226364}
2026-04-04T16:01:53.540+0200	DEBUG	download event	{"type": "update", "downloadId": "890b71b0-502e-40ae-8bf8-fd218c991fee", "taskId": "fba2f64d-9333-438f-87b8-5f137499fb63", "data[any]": 387071676}
2026-04-04T16:01:53.650+0200	DEBUG	download event	{"type": "update", "downloadId": "8057f5b6-f11c-4b7d-b486-4c080d4e36df", "taskId": "8cb5afb2-f725-4f9a-af2a-7be707d9ebea", "data[any]": 237846204}
2026-04-04T16:01:53.659+0200	DEBUG	download event	{"type": "update", "downloadId": "380ae894-d9a3-4f17-98b6-9736044dc828", "taskId": "3f1a2206-7185-4a14-894b-fb5ca4d3dd1e", "data[any]": 96272060}
2026-04-04T16:01:53.740+0200	DEBUG	download event	{"type": "update", "downloadId": "890b71b0-502e-40ae-8bf8-fd218c991fee", "taskId": "fba2f64d-9333-438f-87b8-5f137499fb63", "data[any]": 395820732}
2026-04-04T16:01:53.850+0200	DEBUG	download event	{"type": "update", "downloadId": "8057f5b6-f11c-4b7d-b486-4c080d4e36df", "taskId": "8cb5afb2-f725-4f9a-af2a-7be707d9ebea", "data[any]": 243564220}
2026-04-04T16:01:53.859+0200	DEBUG	download event	{"type": "update", "downloadId": "380ae894-d9a3-4f17-98b6-9736044dc828", "taskId": "3f1a2206-7185-4a14-894b-fb5ca4d3dd1e", "data[any]": 102432444}
2026-04-04T16:01:53.940+0200	DEBUG	download event	{"type": "update", "downloadId": "890b71b0-502e-40ae-8bf8-fd218c991fee", "taskId": "fba2f64d-9333-438f-87b8-5f137499fb63", "data[any]": 404635324}
2026-04-04T16:01:54.050+0200	DEBUG	download event	{"type": "update", "downloadId": "8057f5b6-f11c-4b7d-b486-4c080d4e36df", "taskId": "8cb5afb2-f725-4f9a-af2a-7be707d9ebea", "data[any]": 249347772}
2026-04-04T16:01:54.059+0200	DEBUG	download event	{"type": "update", "downloadId": "380ae894-d9a3-4f17-98b6-9736044dc828", "taskId": "3f1a2206-7185-4a14-894b-fb5ca4d3dd1e", "data[any]": 108641980}
2026-04-04T16:01:54.140+0200	DEBUG	download event	{"type": "update", "downloadId": "890b71b0-502e-40ae-8bf8-fd218c991fee", "taskId": "fba2f64d-9333-438f-87b8-5f137499fb63", "data[any]": 413433532}
2026-04-04T16:01:54.250+0200	DEBUG	download event	{"type": "update", "downloadId": "8057f5b6-f11c-4b7d-b486-4c080d4e36df", "taskId": "8cb5afb2-f725-4f9a-af2a-7be707d9ebea", "data[any]": 255278780}
2026-04-04T16:01:54.259+0200	DEBUG	download event	{"type": "update", "downloadId": "380ae894-d9a3-4f17-98b6-9736044dc828", "taskId": "3f1a2206-7185-4a14-894b-fb5ca4d3dd1e", "data[any]": 115113660}
2026-04-04T16:01:54.340+0200	DEBUG	download event	{"type": "update", "downloadId": "890b71b0-502e-40ae-8bf8-fd218c991fee", "taskId": "fba2f64d-9333-438f-87b8-5f137499fb63", "data[any]": 422477500}
2026-04-04T16:01:54.450+0200	DEBUG	download event	{"type": "update", "downloadId": "8057f5b6-f11c-4b7d-b486-4c080d4e36df", "taskId": "8cb5afb2-f725-4f9a-af2a-7be707d9ebea", "data[any]": 261373628}
2026-04-04T16:01:54.459+0200	DEBUG	download event	{"type": "update", "downloadId": "380ae894-d9a3-4f17-98b6-9736044dc828", "taskId": "3f1a2206-7185-4a14-894b-fb5ca4d3dd1e", "data[any]": 121568956}
2026-04-04T16:01:54.540+0200	DEBUG	download event	{"type": "update", "downloadId": "890b71b0-502e-40ae-8bf8-fd218c991fee", "taskId": "fba2f64d-9333-438f-87b8-5f137499fb63", "data[any]": 431521468}
2026-04-04T16:01:54.650+0200	DEBUG	download event	{"type": "update", "downloadId": "8057f5b6-f11c-4b7d-b486-4c080d4e36df", "taskId": "8cb5afb2-f725-4f9a-af2a-7be707d9ebea", "data[any]": 267468476}
2026-04-04T16:01:54.659+0200	DEBUG	download event	{"type": "update", "downloadId": "380ae894-d9a3-4f17-98b6-9736044dc828", "taskId": "3f1a2206-7185-4a14-894b-fb5ca4d3dd1e", "data[any]": 128171708}
2026-04-04T16:01:54.740+0200	DEBUG	download event	{"type": "update", "downloadId": "890b71b0-502e-40ae-8bf8-fd218c991fee", "taskId": "fba2f64d-9333-438f-87b8-5f137499fb63", "data[any]": 441007804}
2026-04-04T16:01:54.850+0200	DEBUG	download event	{"type": "update", "downloadId": "8057f5b6-f11c-4b7d-b486-4c080d4e36df", "taskId": "8cb5afb2-f725-4f9a-af2a-7be707d9ebea", "data[any]": 273743548}
2026-04-04T16:01:54.859+0200	DEBUG	download event	{"type": "update", "downloadId": "380ae894-d9a3-4f17-98b6-9736044dc828", "taskId": "3f1a2206-7185-4a14-894b-fb5ca4d3dd1e", "data[any]": 134938300}
2026-04-04T16:01:54.940+0200	DEBUG	download event	{"type": "update", "downloadId": "890b71b0-502e-40ae-8bf8-fd218c991fee", "taskId": "fba2f64d-9333-438f-87b8-5f137499fb63", "data[any]": 450248380}
2026-04-04T16:01:55.050+0200	DEBUG	download event	{"type": "update", "downloadId": "8057f5b6-f11c-4b7d-b486-4c080d4e36df", "taskId": "8cb5afb2-f725-4f9a-af2a-7be707d9ebea", "data[any]": 280166076}
2026-04-04T16:01:55.059+0200	DEBUG	download event	{"type": "update", "downloadId": "380ae894-d9a3-4f17-98b6-9736044dc828", "taskId": "3f1a2206-7185-4a14-894b-fb5ca4d3dd1e", "data[any]": 141868732}
2026-04-04T16:01:55.140+0200	DEBUG	download event	{"type": "update", "downloadId": "890b71b0-502e-40ae-8bf8-fd218c991fee", "taskId": "fba2f64d-9333-438f-87b8-5f137499fb63", "data[any]": 459734716}
2026-04-04T16:01:55.250+0200	DEBUG	download event	{"type": "update", "downloadId": "8057f5b6-f11c-4b7d-b486-4c080d4e36df", "taskId": "8cb5afb2-f725-4f9a-af2a-7be707d9ebea", "data[any]": 286604988}
2026-04-04T16:01:55.259+0200	DEBUG	download event	{"type": "update", "downloadId": "380ae894-d9a3-4f17-98b6-9736044dc828", "taskId": "3f1a2206-7185-4a14-894b-fb5ca4d3dd1e", "data[any]": 148782780}
2026-04-04T16:01:55.340+0200	DEBUG	download event	{"type": "update", "downloadId": "890b71b0-502e-40ae-8bf8-fd218c991fee", "taskId": "fba2f64d-9333-438f-87b8-5f137499fb63", "data[any]": 469319356}
2026-04-04T16:01:55.450+0200	DEBUG	download event	{"type": "update", "downloadId": "8057f5b6-f11c-4b7d-b486-4c080d4e36df", "taskId": "8cb5afb2-f725-4f9a-af2a-7be707d9ebea", "data[any]": 293158588}
2026-04-04T16:01:55.459+0200	DEBUG	download event	{"type": "update", "downloadId": "380ae894-d9a3-4f17-98b6-9736044dc828", "taskId": "3f1a2206-7185-4a14-894b-fb5ca4d3dd1e", "data[any]": 155795132}
2026-04-04T16:01:55.540+0200	DEBUG	download event	{"type": "update", "downloadId": "890b71b0-502e-40ae-8bf8-fd218c991fee", "taskId": "fba2f64d-9333-438f-87b8-5f137499fb63", "data[any]": 478789308}
2026-04-04T16:01:55.650+0200	DEBUG	download event	{"type": "update", "downloadId": "8057f5b6-f11c-4b7d-b486-4c080d4e36df", "taskId": "8cb5afb2-f725-4f9a-af2a-7be707d9ebea", "data[any]": 299859644}
2026-04-04T16:01:55.659+0200	DEBUG	download event	{"type": "update", "downloadId": "380ae894-d9a3-4f17-98b6-9736044dc828", "taskId": "3f1a2206-7185-4a14-894b-fb5ca4d3dd1e", "data[any]": 162905788}
2026-04-04T16:01:55.740+0200	DEBUG	download event	{"type": "update", "downloadId": "890b71b0-502e-40ae-8bf8-fd218c991fee", "taskId": "fba2f64d-9333-438f-87b8-5f137499fb63", "data[any]": 488226492}
2026-04-04T16:01:55.850+0200	DEBUG	download event	{"type": "update", "downloadId": "8057f5b6-f11c-4b7d-b486-4c080d4e36df", "taskId": "8cb5afb2-f725-4f9a-af2a-7be707d9ebea", "data[any]": 306429628}
2026-04-04T16:01:55.859+0200	DEBUG	download event	{"type": "update", "downloadId": "380ae894-d9a3-4f17-98b6-9736044dc828", "taskId": "3f1a2206-7185-4a14-894b-fb5ca4d3dd1e", "data[any]": 169950908}
2026-04-04T16:01:55.940+0200	DEBUG	download event	{"type": "update", "downloadId": "890b71b0-502e-40ae-8bf8-fd218c991fee", "taskId": "fba2f64d-9333-438f-87b8-5f137499fb63", "data[any]": 497778364}
2026-04-04T16:01:56.050+0200	DEBUG	download event	{"type": "update", "downloadId": "8057f5b6-f11c-4b7d-b486-4c080d4e36df", "taskId": "8cb5afb2-f725-4f9a-af2a-7be707d9ebea", "data[any]": 313065148}
2026-04-04T16:01:56.059+0200	DEBUG	download event	{"type": "update", "downloadId": "380ae894-d9a3-4f17-98b6-9736044dc828", "taskId": "3f1a2206-7185-4a14-894b-fb5ca4d3dd1e", "data[any]": 177077948}
2026-04-04T16:01:56.140+0200	DEBUG	download event	{"type": "update", "downloadId": "890b71b0-502e-40ae-8bf8-fd218c991fee", "taskId": "fba2f64d-9333-438f-87b8-5f137499fb63", "data[any]": 507281084}
2026-04-04T16:01:56.250+0200	DEBUG	download event	{"type": "update", "downloadId": "8057f5b6-f11c-4b7d-b486-4c080d4e36df", "taskId": "8cb5afb2-f725-4f9a-af2a-7be707d9ebea", "data[any]": 319585980}
2026-04-04T16:01:56.259+0200	DEBUG	download event	{"type": "update", "downloadId": "380ae894-d9a3-4f17-98b6-9736044dc828", "taskId": "3f1a2206-7185-4a14-894b-fb5ca4d3dd1e", "data[any]": 184139452}
2026-04-04T16:01:56.340+0200	DEBUG	download event	{"type": "update", "downloadId": "890b71b0-502e-40ae-8bf8-fd218c991fee", "taskId": "fba2f64d-9333-438f-87b8-5f137499fb63", "data[any]": 516701884}
2026-04-04T16:01:56.450+0200	DEBUG	download event	{"type": "update", "downloadId": "8057f5b6-f11c-4b7d-b486-4c080d4e36df", "taskId": "8cb5afb2-f725-4f9a-af2a-7be707d9ebea", "data[any]": 326254268}
2026-04-04T16:01:56.459+0200	DEBUG	download event	{"type": "update", "downloadId": "380ae894-d9a3-4f17-98b6-9736044dc828", "taskId": "3f1a2206-7185-4a14-894b-fb5ca4d3dd1e", "data[any]": 191282876}
2026-04-04T16:01:56.540+0200	DEBUG	download event	{"type": "update", "downloadId": "890b71b0-502e-40ae-8bf8-fd218c991fee", "taskId": "fba2f64d-9333-438f-87b8-5f137499fb63", "data[any]": 526024380}
2026-04-04T16:01:56.650+0200	DEBUG	download event	{"type": "update", "downloadId": "8057f5b6-f11c-4b7d-b486-4c080d4e36df", "taskId": "8cb5afb2-f725-4f9a-af2a-7be707d9ebea", "data[any]": 332938940}
2026-04-04T16:01:56.659+0200	DEBUG	download event	{"type": "update", "downloadId": "380ae894-d9a3-4f17-98b6-9736044dc828", "taskId": "3f1a2206-7185-4a14-894b-fb5ca4d3dd1e", "data[any]": 198344380}
2026-04-04T16:01:56.740+0200	DEBUG	download event	{"type": "update", "downloadId": "890b71b0-502e-40ae-8bf8-fd218c991fee", "taskId": "fba2f64d-9333-438f-87b8-5f137499fb63", "data[any]": 535461564}
2026-04-04T16:01:56.850+0200	DEBUG	download event	{"type": "update", "downloadId": "8057f5b6-f11c-4b7d-b486-4c080d4e36df", "taskId": "8cb5afb2-f725-4f9a-af2a-7be707d9ebea", "data[any]": 339738300}
2026-04-04T16:01:56.859+0200	DEBUG	download event	{"type": "update", "downloadId": "380ae894-d9a3-4f17-98b6-9736044dc828", "taskId": "3f1a2206-7185-4a14-894b-fb5ca4d3dd1e", "data[any]": 205586108}
2026-04-04T16:01:56.940+0200	DEBUG	download event	{"type": "update", "downloadId": "890b71b0-502e-40ae-8bf8-fd218c991fee", "taskId": "fba2f64d-9333-438f-87b8-5f137499fb63", "data[any]": 543817404}
2026-04-04T16:01:57.050+0200	DEBUG	download event	{"type": "update", "downloadId": "8057f5b6-f11c-4b7d-b486-4c080d4e36df", "taskId": "8cb5afb2-f725-4f9a-af2a-7be707d9ebea", "data[any]": 347324092}
2026-04-04T16:01:57.059+0200	DEBUG	download event	{"type": "update", "downloadId": "380ae894-d9a3-4f17-98b6-9736044dc828", "taskId": "3f1a2206-7185-4a14-894b-fb5ca4d3dd1e", "data[any]": 213483196}
2026-04-04T16:01:57.140+0200	DEBUG	download event	{"type": "update", "downloadId": "890b71b0-502e-40ae-8bf8-fd218c991fee", "taskId": "fba2f64d-9333-438f-87b8-5f137499fb63", "data[any]": 551337660}
2026-04-04T16:01:57.250+0200	DEBUG	download event	{"type": "update", "downloadId": "8057f5b6-f11c-4b7d-b486-4c080d4e36df", "taskId": "8cb5afb2-f725-4f9a-af2a-7be707d9ebea", "data[any]": 354893500}
2026-04-04T16:01:57.259+0200	DEBUG	download event	{"type": "update", "downloadId": "380ae894-d9a3-4f17-98b6-9736044dc828", "taskId": "3f1a2206-7185-4a14-894b-fb5ca4d3dd1e", "data[any]": 221544124}
2026-04-04T16:01:57.340+0200	DEBUG	download event	{"type": "update", "downloadId": "890b71b0-502e-40ae-8bf8-fd218c991fee", "taskId": "fba2f64d-9333-438f-87b8-5f137499fb63", "data[any]": 558939836}
2026-04-04T16:01:57.450+0200	DEBUG	download event	{"type": "update", "downloadId": "8057f5b6-f11c-4b7d-b486-4c080d4e36df", "taskId": "8cb5afb2-f725-4f9a-af2a-7be707d9ebea", "data[any]": 362397372}
2026-04-04T16:01:57.459+0200	DEBUG	download event	{"type": "update", "downloadId": "380ae894-d9a3-4f17-98b6-9736044dc828", "taskId": "3f1a2206-7185-4a14-894b-fb5ca4d3dd1e", "data[any]": 229621436}
2026-04-04T16:01:57.540+0200	DEBUG	download event	{"type": "update", "downloadId": "890b71b0-502e-40ae-8bf8-fd218c991fee", "taskId": "fba2f64d-9333-438f-87b8-5f137499fb63", "data[any]": 566591164}
2026-04-04T16:01:57.650+0200	DEBUG	download event	{"type": "update", "downloadId": "8057f5b6-f11c-4b7d-b486-4c080d4e36df", "taskId": "8cb5afb2-f725-4f9a-af2a-7be707d9ebea", "data[any]": 369835708}
2026-04-04T16:01:57.659+0200	DEBUG	download event	{"type": "update", "downloadId": "380ae894-d9a3-4f17-98b6-9736044dc828", "taskId": "3f1a2206-7185-4a14-894b-fb5ca4d3dd1e", "data[any]": 237616828}
2026-04-04T16:01:57.740+0200	DEBUG	download event	{"type": "update", "downloadId": "890b71b0-502e-40ae-8bf8-fd218c991fee", "taskId": "fba2f64d-9333-438f-87b8-5f137499fb63", "data[any]": 574373564}
2026-04-04T16:01:57.850+0200	DEBUG	download event	{"type": "update", "downloadId": "8057f5b6-f11c-4b7d-b486-4c080d4e36df", "taskId": "8cb5afb2-f725-4f9a-af2a-7be707d9ebea", "data[any]": 377405116}
2026-04-04T16:01:57.859+0200	DEBUG	download event	{"type": "update", "downloadId": "380ae894-d9a3-4f17-98b6-9736044dc828", "taskId": "3f1a2206-7185-4a14-894b-fb5ca4d3dd1e", "data[any]": 245530300}
2026-04-04T16:01:57.940+0200	DEBUG	download event	{"type": "update", "downloadId": "890b71b0-502e-40ae-8bf8-fd218c991fee", "taskId": "fba2f64d-9333-438f-87b8-5f137499fb63", "data[any]": 582188732}
2026-04-04T16:01:58.050+0200	DEBUG	download event	{"type": "update", "downloadId": "8057f5b6-f11c-4b7d-b486-4c080d4e36df", "taskId": "8cb5afb2-f725-4f9a-af2a-7be707d9ebea", "data[any]": 384859836}
2026-04-04T16:01:58.059+0200	DEBUG	download event	{"type": "update", "downloadId": "380ae894-d9a3-4f17-98b6-9736044dc828", "taskId": "3f1a2206-7185-4a14-894b-fb5ca4d3dd1e", "data[any]": 253345468}
2026-04-04T16:01:58.140+0200	DEBUG	download event	{"type": "update", "downloadId": "890b71b0-502e-40ae-8bf8-fd218c991fee", "taskId": "fba2f64d-9333-438f-87b8-5f137499fb63", "data[any]": 590020284}
2026-04-04T16:01:58.250+0200	DEBUG	download event	{"type": "update", "downloadId": "8057f5b6-f11c-4b7d-b486-4c080d4e36df", "taskId": "8cb5afb2-f725-4f9a-af2a-7be707d9ebea", "data[any]": 392478396}
2026-04-04T16:01:58.259+0200	DEBUG	download event	{"type": "update", "downloadId": "380ae894-d9a3-4f17-98b6-9736044dc828", "taskId": "3f1a2206-7185-4a14-894b-fb5ca4d3dd1e", "data[any]": 261406396}
2026-04-04T16:01:58.340+0200	DEBUG	download event	{"type": "update", "downloadId": "890b71b0-502e-40ae-8bf8-fd218c991fee", "taskId": "fba2f64d-9333-438f-87b8-5f137499fb63", "data[any]": 596737724}
2026-04-04T16:01:58.450+0200	DEBUG	download event	{"type": "update", "downloadId": "8057f5b6-f11c-4b7d-b486-4c080d4e36df", "taskId": "8cb5afb2-f725-4f9a-af2a-7be707d9ebea", "data[any]": 400834236}
2026-04-04T16:01:58.459+0200	DEBUG	download event	{"type": "update", "downloadId": "380ae894-d9a3-4f17-98b6-9736044dc828", "taskId": "3f1a2206-7185-4a14-894b-fb5ca4d3dd1e", "data[any]": 270040764}
2026-04-04T16:01:58.540+0200	DEBUG	download event	{"type": "update", "downloadId": "890b71b0-502e-40ae-8bf8-fd218c991fee", "taskId": "fba2f64d-9333-438f-87b8-5f137499fb63", "data[any]": 602865340}
2026-04-04T16:01:58.650+0200	DEBUG	download event	{"type": "update", "downloadId": "8057f5b6-f11c-4b7d-b486-4c080d4e36df", "taskId": "8cb5afb2-f725-4f9a-af2a-7be707d9ebea", "data[any]": 409091772}
2026-04-04T16:01:58.659+0200	DEBUG	download event	{"type": "update", "downloadId": "380ae894-d9a3-4f17-98b6-9736044dc828", "taskId": "3f1a2206-7185-4a14-894b-fb5ca4d3dd1e", "data[any]": 278757052}
2026-04-04T16:01:58.740+0200	DEBUG	download event	{"type": "update", "downloadId": "890b71b0-502e-40ae-8bf8-fd218c991fee", "taskId": "fba2f64d-9333-438f-87b8-5f137499fb63", "data[any]": 609107644}
2026-04-04T16:01:58.850+0200	DEBUG	download event	{"type": "update", "downloadId": "8057f5b6-f11c-4b7d-b486-4c080d4e36df", "taskId": "8cb5afb2-f725-4f9a-af2a-7be707d9ebea", "data[any]": 417365692}
2026-04-04T16:01:58.859+0200	DEBUG	download event	{"type": "update", "downloadId": "380ae894-d9a3-4f17-98b6-9736044dc828", "taskId": "3f1a2206-7185-4a14-894b-fb5ca4d3dd1e", "data[any]": 287522492}
2026-04-04T16:01:58.940+0200	DEBUG	download event	{"type": "update", "downloadId": "890b71b0-502e-40ae-8bf8-fd218c991fee", "taskId": "fba2f64d-9333-438f-87b8-5f137499fb63", "data[any]": 615333564}
2026-04-04T16:01:59.050+0200	DEBUG	download event	{"type": "update", "downloadId": "8057f5b6-f11c-4b7d-b486-4c080d4e36df", "taskId": "8cb5afb2-f725-4f9a-af2a-7be707d9ebea", "data[any]": 425492156}
2026-04-04T16:01:59.059+0200	DEBUG	download event	{"type": "update", "downloadId": "380ae894-d9a3-4f17-98b6-9736044dc828", "taskId": "3f1a2206-7185-4a14-894b-fb5ca4d3dd1e", "data[any]": 296271548}
2026-04-04T16:01:59.140+0200	DEBUG	download event	{"type": "update", "downloadId": "890b71b0-502e-40ae-8bf8-fd218c991fee", "taskId": "fba2f64d-9333-438f-87b8-5f137499fb63", "data[any]": 621477564}
2026-04-04T16:01:59.250+0200	DEBUG	download event	{"type": "update", "downloadId": "8057f5b6-f11c-4b7d-b486-4c080d4e36df", "taskId": "8cb5afb2-f725-4f9a-af2a-7be707d9ebea", "data[any]": 433847996}
2026-04-04T16:01:59.259+0200	DEBUG	download event	{"type": "update", "downloadId": "380ae894-d9a3-4f17-98b6-9736044dc828", "taskId": "3f1a2206-7185-4a14-894b-fb5ca4d3dd1e", "data[any]": 304938684}
2026-04-04T16:01:59.340+0200	DEBUG	download event	{"type": "update", "downloadId": "890b71b0-502e-40ae-8bf8-fd218c991fee", "taskId": "fba2f64d-9333-438f-87b8-5f137499fb63", "data[any]": 627801788}
2026-04-04T16:01:59.450+0200	DEBUG	download event	{"type": "update", "downloadId": "8057f5b6-f11c-4b7d-b486-4c080d4e36df", "taskId": "8cb5afb2-f725-4f9a-af2a-7be707d9ebea", "data[any]": 442089148}
2026-04-04T16:01:59.459+0200	DEBUG	download event	{"type": "update", "downloadId": "380ae894-d9a3-4f17-98b6-9736044dc828", "taskId": "3f1a2206-7185-4a14-894b-fb5ca4d3dd1e", "data[any]": 313523900}
2026-04-04T16:01:59.540+0200	DEBUG	download event	{"type": "update", "downloadId": "890b71b0-502e-40ae-8bf8-fd218c991fee", "taskId": "fba2f64d-9333-438f-87b8-5f137499fb63", "data[any]": 634126012}
2026-04-04T16:01:59.650+0200	DEBUG	download event	{"type": "update", "downloadId": "8057f5b6-f11c-4b7d-b486-4c080d4e36df", "taskId": "8cb5afb2-f725-4f9a-af2a-7be707d9ebea", "data[any]": 450412220}
2026-04-04T16:01:59.659+0200	DEBUG	download event	{"type": "update", "downloadId": "380ae894-d9a3-4f17-98b6-9736044dc828", "taskId": "3f1a2206-7185-4a14-894b-fb5ca4d3dd1e", "data[any]": 322109116}
2026-04-04T16:01:59.740+0200	DEBUG	download event	{"type": "update", "downloadId": "890b71b0-502e-40ae-8bf8-fd218c991fee", "taskId": "fba2f64d-9333-438f-87b8-5f137499fb63", "data[any]": 639909564}
2026-04-04T16:01:59.850+0200	DEBUG	download event	{"type": "update", "downloadId": "8057f5b6-f11c-4b7d-b486-4c080d4e36df", "taskId": "8cb5afb2-f725-4f9a-af2a-7be707d9ebea", "data[any]": 459325116}
2026-04-04T16:01:59.859+0200	DEBUG	download event	{"type": "update", "downloadId": "380ae894-d9a3-4f17-98b6-9736044dc828", "taskId": "3f1a2206-7185-4a14-894b-fb5ca4d3dd1e", "data[any]": 329809596}
2026-04-04T16:01:59.940+0200	DEBUG	download event	{"type": "update", "downloadId": "890b71b0-502e-40ae-8bf8-fd218c991fee", "taskId": "fba2f64d-9333-438f-87b8-5f137499fb63", "data[any]": 645349052}
2026-04-04T16:02:00.050+0200	DEBUG	download event	{"type": "update", "downloadId": "8057f5b6-f11c-4b7d-b486-4c080d4e36df", "taskId": "8cb5afb2-f725-4f9a-af2a-7be707d9ebea", "data[any]": 468680380}
2026-04-04T16:02:00.059+0200	DEBUG	download event	{"type": "update", "downloadId": "380ae894-d9a3-4f17-98b6-9736044dc828", "taskId": "3f1a2206-7185-4a14-894b-fb5ca4d3dd1e", "data[any]": 336821948}
2026-04-04T16:02:00.140+0200	DEBUG	download event	{"type": "update", "downloadId": "890b71b0-502e-40ae-8bf8-fd218c991fee", "taskId": "fba2f64d-9333-438f-87b8-5f137499fb63", "data[any]": 650608316}
2026-04-04T16:02:00.250+0200	DEBUG	download event	{"type": "update", "downloadId": "8057f5b6-f11c-4b7d-b486-4c080d4e36df", "taskId": "8cb5afb2-f725-4f9a-af2a-7be707d9ebea", "data[any]": 478248636}
2026-04-04T16:02:00.259+0200	DEBUG	download event	{"type": "update", "downloadId": "380ae894-d9a3-4f17-98b6-9736044dc828", "taskId": "3f1a2206-7185-4a14-894b-fb5ca4d3dd1e", "data[any]": 344227516}
2026-04-04T16:02:00.340+0200	DEBUG	download event	{"type": "update", "downloadId": "890b71b0-502e-40ae-8bf8-fd218c991fee", "taskId": "fba2f64d-9333-438f-87b8-5f137499fb63", "data[any]": 655769276}
2026-04-04T16:02:00.450+0200	DEBUG	download event	{"type": "update", "downloadId": "8057f5b6-f11c-4b7d-b486-4c080d4e36df", "taskId": "8cb5afb2-f725-4f9a-af2a-7be707d9ebea", "data[any]": 487866044}
2026-04-04T16:02:00.459+0200	DEBUG	download event	{"type": "update", "downloadId": "380ae894-d9a3-4f17-98b6-9736044dc828", "taskId": "3f1a2206-7185-4a14-894b-fb5ca4d3dd1e", "data[any]": 351747772}
2026-04-04T16:02:00.540+0200	DEBUG	download event	{"type": "update", "downloadId": "890b71b0-502e-40ae-8bf8-fd218c991fee", "taskId": "fba2f64d-9333-438f-87b8-5f137499fb63", "data[any]": 661126844}
2026-04-04T16:02:00.650+0200	DEBUG	download event	{"type": "update", "downloadId": "8057f5b6-f11c-4b7d-b486-4c080d4e36df", "taskId": "8cb5afb2-f725-4f9a-af2a-7be707d9ebea", "data[any]": 497548988}
2026-04-04T16:02:00.659+0200	DEBUG	download event	{"type": "update", "downloadId": "380ae894-d9a3-4f17-98b6-9736044dc828", "taskId": "3f1a2206-7185-4a14-894b-fb5ca4d3dd1e", "data[any]": 359431868}
2026-04-04T16:02:00.740+0200	DEBUG	download event	{"type": "update", "downloadId": "890b71b0-502e-40ae-8bf8-fd218c991fee", "taskId": "fba2f64d-9333-438f-87b8-5f137499fb63", "data[any]": 666582716}
2026-04-04T16:02:00.850+0200	DEBUG	download event	{"type": "update", "downloadId": "8057f5b6-f11c-4b7d-b486-4c080d4e36df", "taskId": "8cb5afb2-f725-4f9a-af2a-7be707d9ebea", "data[any]": 507297468}
2026-04-04T16:02:00.859+0200	DEBUG	download event	{"type": "update", "downloadId": "380ae894-d9a3-4f17-98b6-9736044dc828", "taskId": "3f1a2206-7185-4a14-894b-fb5ca4d3dd1e", "data[any]": 367197884}
2026-04-04T16:02:00.940+0200	DEBUG	download event	{"type": "update", "downloadId": "890b71b0-502e-40ae-8bf8-fd218c991fee", "taskId": "fba2f64d-9333-438f-87b8-5f137499fb63", "data[any]": 672136892}
2026-04-04T16:02:01.050+0200	DEBUG	download event	{"type": "update", "downloadId": "8057f5b6-f11c-4b7d-b486-4c080d4e36df", "taskId": "8cb5afb2-f725-4f9a-af2a-7be707d9ebea", "data[any]": 517144252}
2026-04-04T16:02:01.059+0200	DEBUG	download event	{"type": "update", "downloadId": "380ae894-d9a3-4f17-98b6-9736044dc828", "taskId": "3f1a2206-7185-4a14-894b-fb5ca4d3dd1e", "data[any]": 375029436}
2026-04-04T16:02:01.071+0200	DEBUG	download event	{"type": "cancel", "downloadId": "380ae894-d9a3-4f17-98b6-9736044dc828", "taskId": "3f1a2206-7185-4a14-894b-fb5ca4d3dd1e", "data[any]": null}
2026-04-04T16:02:01.140+0200	DEBUG	download event	{"type": "update", "downloadId": "890b71b0-502e-40ae-8bf8-fd218c991fee", "taskId": "fba2f64d-9333-438f-87b8-5f137499fb63", "data[any]": 677772988}
2026-04-04T16:02:01.250+0200	DEBUG	download event	{"type": "update", "downloadId": "8057f5b6-f11c-4b7d-b486-4c080d4e36df", "taskId": "8cb5afb2-f725-4f9a-af2a-7be707d9ebea", "data[any]": 527498940}
2026-04-04T16:02:01.340+0200	DEBUG	download event	{"type": "update", "downloadId": "890b71b0-502e-40ae-8bf8-fd218c991fee", "taskId": "fba2f64d-9333-438f-87b8-5f137499fb63", "data[any]": 683622076}
2026-04-04T16:02:01.450+0200	DEBUG	download event	{"type": "update", "downloadId": "8057f5b6-f11c-4b7d-b486-4c080d4e36df", "taskId": "8cb5afb2-f725-4f9a-af2a-7be707d9ebea", "data[any]": 538017468}
2026-04-04T16:02:01.541+0200	DEBUG	download event	{"type": "update", "downloadId": "890b71b0-502e-40ae-8bf8-fd218c991fee", "taskId": "fba2f64d-9333-438f-87b8-5f137499fb63", "data[any]": 689831612}
2026-04-04T16:02:01.650+0200	DEBUG	download event	{"type": "update", "downloadId": "8057f5b6-f11c-4b7d-b486-4c080d4e36df", "taskId": "8cb5afb2-f725-4f9a-af2a-7be707d9ebea", "data[any]": 548601532}
2026-04-04T16:02:01.740+0200	DEBUG	download event	{"type": "update", "downloadId": "890b71b0-502e-40ae-8bf8-fd218c991fee", "taskId": "fba2f64d-9333-438f-87b8-5f137499fb63", "data[any]": 696008380}
2026-04-04T16:02:01.850+0200	DEBUG	download event	{"type": "update", "downloadId": "8057f5b6-f11c-4b7d-b486-4c080d4e36df", "taskId": "8cb5afb2-f725-4f9a-af2a-7be707d9ebea", "data[any]": 559070908}
2026-04-04T16:02:01.940+0200	DEBUG	download event	{"type": "update", "downloadId": "890b71b0-502e-40ae-8bf8-fd218c991fee", "taskId": "fba2f64d-9333-438f-87b8-5f137499fb63", "data[any]": 702234300}
2026-04-04T16:02:02.050+0200	DEBUG	download event	{"type": "update", "downloadId": "8057f5b6-f11c-4b7d-b486-4c080d4e36df", "taskId": "8cb5afb2-f725-4f9a-af2a-7be707d9ebea", "data[any]": 569753276}
2026-04-04T16:02:02.140+0200	DEBUG	download event	{"type": "update", "downloadId": "890b71b0-502e-40ae-8bf8-fd218c991fee", "taskId": "fba2f64d-9333-438f-87b8-5f137499fb63", "data[any]": 708755132}
2026-04-04T16:02:02.250+0200	DEBUG	download event	{"type": "update", "downloadId": "8057f5b6-f11c-4b7d-b486-4c080d4e36df", "taskId": "8cb5afb2-f725-4f9a-af2a-7be707d9ebea", "data[any]": 580566716}
2026-04-04T16:02:02.340+0200	DEBUG	download event	{"type": "update", "downloadId": "890b71b0-502e-40ae-8bf8-fd218c991fee", "taskId": "fba2f64d-9333-438f-87b8-5f137499fb63", "data[any]": 715407036}
2026-04-04T16:02:02.450+0200	DEBUG	download event	{"type": "update", "downloadId": "8057f5b6-f11c-4b7d-b486-4c080d4e36df", "taskId": "8cb5afb2-f725-4f9a-af2a-7be707d9ebea", "data[any]": 591855292}
2026-04-04T16:02:02.540+0200	DEBUG	download event	{"type": "update", "downloadId": "890b71b0-502e-40ae-8bf8-fd218c991fee", "taskId": "fba2f64d-9333-438f-87b8-5f137499fb63", "data[any]": 722026172}
2026-04-04T16:02:02.650+0200	DEBUG	download event	{"type": "update", "downloadId": "8057f5b6-f11c-4b7d-b486-4c080d4e36df", "taskId": "8cb5afb2-f725-4f9a-af2a-7be707d9ebea", "data[any]": 603176636}
2026-04-04T16:02:02.740+0200	DEBUG	download event	{"type": "update", "downloadId": "890b71b0-502e-40ae-8bf8-fd218c991fee", "taskId": "fba2f64d-9333-438f-87b8-5f137499fb63", "data[any]": 729087676}
2026-04-04T16:02:02.850+0200	DEBUG	download event	{"type": "update", "downloadId": "8057f5b6-f11c-4b7d-b486-4c080d4e36df", "taskId": "8cb5afb2-f725-4f9a-af2a-7be707d9ebea", "data[any]": 614629052}
2026-04-04T16:02:02.940+0200	DEBUG	download event	{"type": "update", "downloadId": "890b71b0-502e-40ae-8bf8-fd218c991fee", "taskId": "fba2f64d-9333-438f-87b8-5f137499fb63", "data[any]": 735952572}
2026-04-04T16:02:03.050+0200	DEBUG	download event	{"type": "update", "downloadId": "8057f5b6-f11c-4b7d-b486-4c080d4e36df", "taskId": "8cb5afb2-f725-4f9a-af2a-7be707d9ebea", "data[any]": 625852092}
2026-04-04T16:02:03.140+0200	DEBUG	download event	{"type": "update", "downloadId": "890b71b0-502e-40ae-8bf8-fd218c991fee", "taskId": "fba2f64d-9333-438f-87b8-5f137499fb63", "data[any]": 743079612}
2026-04-04T16:02:03.250+0200	DEBUG	download event	{"type": "update", "downloadId": "8057f5b6-f11c-4b7d-b486-4c080d4e36df", "taskId": "8cb5afb2-f725-4f9a-af2a-7be707d9ebea", "data[any]": 637419196}
2026-04-04T16:02:03.340+0200	DEBUG	download event	{"type": "update", "downloadId": "890b71b0-502e-40ae-8bf8-fd218c991fee", "taskId": "fba2f64d-9333-438f-87b8-5f137499fb63", "data[any]": 750272188}
2026-04-04T16:02:03.450+0200	DEBUG	download event	{"type": "update", "downloadId": "8057f5b6-f11c-4b7d-b486-4c080d4e36df", "taskId": "8cb5afb2-f725-4f9a-af2a-7be707d9ebea", "data[any]": 648937148}
2026-04-04T16:02:03.540+0200	DEBUG	download event	{"type": "update", "downloadId": "890b71b0-502e-40ae-8bf8-fd218c991fee", "taskId": "fba2f64d-9333-438f-87b8-5f137499fb63", "data[any]": 757677756}
2026-04-04T16:02:03.650+0200	DEBUG	download event	{"type": "update", "downloadId": "8057f5b6-f11c-4b7d-b486-4c080d4e36df", "taskId": "8cb5afb2-f725-4f9a-af2a-7be707d9ebea", "data[any]": 660946620}
2026-04-04T16:02:03.740+0200	DEBUG	download event	{"type": "update", "downloadId": "890b71b0-502e-40ae-8bf8-fd218c991fee", "taskId": "fba2f64d-9333-438f-87b8-5f137499fb63", "data[any]": 765198012}
2026-04-04T16:02:03.850+0200	DEBUG	download event	{"type": "update", "downloadId": "8057f5b6-f11c-4b7d-b486-4c080d4e36df", "taskId": "8cb5afb2-f725-4f9a-af2a-7be707d9ebea", "data[any]": 673021628}
2026-04-04T16:02:03.940+0200	DEBUG	download event	{"type": "update", "downloadId": "890b71b0-502e-40ae-8bf8-fd218c991fee", "taskId": "fba2f64d-9333-438f-87b8-5f137499fb63", "data[any]": 772914876}
2026-04-04T16:02:04.050+0200	DEBUG	download event	{"type": "update", "downloadId": "8057f5b6-f11c-4b7d-b486-4c080d4e36df", "taskId": "8cb5afb2-f725-4f9a-af2a-7be707d9ebea", "data[any]": 685244092}
2026-04-04T16:02:04.140+0200	DEBUG	download event	{"type": "update", "downloadId": "890b71b0-502e-40ae-8bf8-fd218c991fee", "taskId": "fba2f64d-9333-438f-87b8-5f137499fb63", "data[any]": 780730044}
2026-04-04T16:02:04.250+0200	DEBUG	download event	{"type": "update", "downloadId": "8057f5b6-f11c-4b7d-b486-4c080d4e36df", "taskId": "8cb5afb2-f725-4f9a-af2a-7be707d9ebea", "data[any]": 697548476}
2026-04-04T16:02:04.340+0200	DEBUG	download event	{"type": "update", "downloadId": "890b71b0-502e-40ae-8bf8-fd218c991fee", "taskId": "fba2f64d-9333-438f-87b8-5f137499fb63", "data[any]": 788610748}
2026-04-04T16:02:04.450+0200	DEBUG	download event	{"type": "update", "downloadId": "8057f5b6-f11c-4b7d-b486-4c080d4e36df", "taskId": "8cb5afb2-f725-4f9a-af2a-7be707d9ebea", "data[any]": 709787324}
2026-04-04T16:02:04.540+0200	DEBUG	download event	{"type": "update", "downloadId": "890b71b0-502e-40ae-8bf8-fd218c991fee", "taskId": "fba2f64d-9333-438f-87b8-5f137499fb63", "data[any]": 796638908}
2026-04-04T16:02:04.650+0200	DEBUG	download event	{"type": "update", "downloadId": "8057f5b6-f11c-4b7d-b486-4c080d4e36df", "taskId": "8cb5afb2-f725-4f9a-af2a-7be707d9ebea", "data[any]": 722173628}
2026-04-04T16:02:04.741+0200	DEBUG	download event	{"type": "update", "downloadId": "890b71b0-502e-40ae-8bf8-fd218c991fee", "taskId": "fba2f64d-9333-438f-87b8-5f137499fb63", "data[any]": 804601532}
2026-04-04T16:02:04.850+0200	DEBUG	download event	{"type": "update", "downloadId": "8057f5b6-f11c-4b7d-b486-4c080d4e36df", "taskId": "8cb5afb2-f725-4f9a-af2a-7be707d9ebea", "data[any]": 734707388}
2026-04-04T16:02:04.940+0200	DEBUG	download event	{"type": "update", "downloadId": "890b71b0-502e-40ae-8bf8-fd218c991fee", "taskId": "fba2f64d-9333-438f-87b8-5f137499fb63", "data[any]": 812924604}
2026-04-04T16:02:05.050+0200	DEBUG	download event	{"type": "update", "downloadId": "8057f5b6-f11c-4b7d-b486-4c080d4e36df", "taskId": "8cb5afb2-f725-4f9a-af2a-7be707d9ebea", "data[any]": 747404988}
2026-04-04T16:02:05.140+0200	DEBUG	download event	{"type": "update", "downloadId": "890b71b0-502e-40ae-8bf8-fd218c991fee", "taskId": "fba2f64d-9333-438f-87b8-5f137499fb63", "data[any]": 821329596}
2026-04-04T16:02:05.250+0200	DEBUG	download event	{"type": "update", "downloadId": "8057f5b6-f11c-4b7d-b486-4c080d4e36df", "taskId": "8cb5afb2-f725-4f9a-af2a-7be707d9ebea", "data[any]": 760364732}
2026-04-04T16:02:05.340+0200	DEBUG	download event	{"type": "update", "downloadId": "890b71b0-502e-40ae-8bf8-fd218c991fee", "taskId": "fba2f64d-9333-438f-87b8-5f137499fb63", "data[any]": 829800124}
2026-04-04T16:02:05.450+0200	DEBUG	download event	{"type": "update", "downloadId": "8057f5b6-f11c-4b7d-b486-4c080d4e36df", "taskId": "8cb5afb2-f725-4f9a-af2a-7be707d9ebea", "data[any]": 773193404}
2026-04-04T16:02:05.540+0200	DEBUG	download event	{"type": "update", "downloadId": "890b71b0-502e-40ae-8bf8-fd218c991fee", "taskId": "fba2f64d-9333-438f-87b8-5f137499fb63", "data[any]": 838434492}
2026-04-04T16:02:05.650+0200	DEBUG	download event	{"type": "update", "downloadId": "8057f5b6-f11c-4b7d-b486-4c080d4e36df", "taskId": "8cb5afb2-f725-4f9a-af2a-7be707d9ebea", "data[any]": 786300604}
2026-04-04T16:02:05.740+0200	DEBUG	download event	{"type": "update", "downloadId": "890b71b0-502e-40ae-8bf8-fd218c991fee", "taskId": "fba2f64d-9333-438f-87b8-5f137499fb63", "data[any]": 847314620}
2026-04-04T16:02:05.850+0200	DEBUG	download event	{"type": "update", "downloadId": "8057f5b6-f11c-4b7d-b486-4c080d4e36df", "taskId": "8cb5afb2-f725-4f9a-af2a-7be707d9ebea", "data[any]": 799489724}
2026-04-04T16:02:05.940+0200	DEBUG	download event	{"type": "update", "downloadId": "890b71b0-502e-40ae-8bf8-fd218c991fee", "taskId": "fba2f64d-9333-438f-87b8-5f137499fb63", "data[any]": 856145596}
2026-04-04T16:02:06.050+0200	DEBUG	download event	{"type": "update", "downloadId": "8057f5b6-f11c-4b7d-b486-4c080d4e36df", "taskId": "8cb5afb2-f725-4f9a-af2a-7be707d9ebea", "data[any]": 812809916}
2026-04-04T16:02:06.140+0200	DEBUG	download event	{"type": "update", "downloadId": "890b71b0-502e-40ae-8bf8-fd218c991fee", "taskId": "fba2f64d-9333-438f-87b8-5f137499fb63", "data[any]": 865107644}
2026-04-04T16:02:06.250+0200	DEBUG	download event	{"type": "update", "downloadId": "8057f5b6-f11c-4b7d-b486-4c080d4e36df", "taskId": "8cb5afb2-f725-4f9a-af2a-7be707d9ebea", "data[any]": 826244796}
2026-04-04T16:02:06.340+0200	DEBUG	download event	{"type": "update", "downloadId": "890b71b0-502e-40ae-8bf8-fd218c991fee", "taskId": "fba2f64d-9333-438f-87b8-5f137499fb63", "data[any]": 874266300}
2026-04-04T16:02:06.450+0200	DEBUG	download event	{"type": "update", "downloadId": "8057f5b6-f11c-4b7d-b486-4c080d4e36df", "taskId": "8cb5afb2-f725-4f9a-af2a-7be707d9ebea", "data[any]": 839859900}
2026-04-04T16:02:06.540+0200	DEBUG	download event	{"type": "update", "downloadId": "890b71b0-502e-40ae-8bf8-fd218c991fee", "taskId": "fba2f64d-9333-438f-87b8-5f137499fb63", "data[any]": 883605180}
2026-04-04T16:02:06.650+0200	DEBUG	download event	{"type": "update", "downloadId": "8057f5b6-f11c-4b7d-b486-4c080d4e36df", "taskId": "8cb5afb2-f725-4f9a-af2a-7be707d9ebea", "data[any]": 853409468}
2026-04-04T16:02:06.740+0200	DEBUG	download event	{"type": "update", "downloadId": "890b71b0-502e-40ae-8bf8-fd218c991fee", "taskId": "fba2f64d-9333-438f-87b8-5f137499fb63", "data[any]": 892993212}
2026-04-04T16:02:06.850+0200	DEBUG	download event	{"type": "update", "downloadId": "8057f5b6-f11c-4b7d-b486-4c080d4e36df", "taskId": "8cb5afb2-f725-4f9a-af2a-7be707d9ebea", "data[any]": 867188412}
2026-04-04T16:02:06.940+0200	DEBUG	download event	{"type": "update", "downloadId": "890b71b0-502e-40ae-8bf8-fd218c991fee", "taskId": "fba2f64d-9333-438f-87b8-5f137499fb63", "data[any]": 902364860}
2026-04-04T16:02:07.050+0200	DEBUG	download event	{"type": "update", "downloadId": "8057f5b6-f11c-4b7d-b486-4c080d4e36df", "taskId": "8cb5afb2-f725-4f9a-af2a-7be707d9ebea", "data[any]": 880901820}
2026-04-04T16:02:07.140+0200	DEBUG	download event	{"type": "update", "downloadId": "890b71b0-502e-40ae-8bf8-fd218c991fee", "taskId": "fba2f64d-9333-438f-87b8-5f137499fb63", "data[any]": 911802044}
2026-04-04T16:02:07.250+0200	DEBUG	download event	{"type": "update", "downloadId": "8057f5b6-f11c-4b7d-b486-4c080d4e36df", "taskId": "8cb5afb2-f725-4f9a-af2a-7be707d9ebea", "data[any]": 894680764}
2026-04-04T16:02:07.340+0200	DEBUG	download event	{"type": "update", "downloadId": "890b71b0-502e-40ae-8bf8-fd218c991fee", "taskId": "fba2f64d-9333-438f-87b8-5f137499fb63", "data[any]": 921140924}
2026-04-04T16:02:07.450+0200	DEBUG	download event	{"type": "update", "downloadId": "8057f5b6-f11c-4b7d-b486-4c080d4e36df", "taskId": "8cb5afb2-f725-4f9a-af2a-7be707d9ebea", "data[any]": 908476092}
2026-04-04T16:02:07.540+0200	DEBUG	download event	{"type": "update", "downloadId": "890b71b0-502e-40ae-8bf8-fd218c991fee", "taskId": "fba2f64d-9333-438f-87b8-5f137499fb63", "data[any]": 930578108}
2026-04-04T16:02:07.650+0200	DEBUG	download event	{"type": "update", "downloadId": "8057f5b6-f11c-4b7d-b486-4c080d4e36df", "taskId": "8cb5afb2-f725-4f9a-af2a-7be707d9ebea", "data[any]": 922156732}
2026-04-04T16:02:07.740+0200	DEBUG	download event	{"type": "update", "downloadId": "890b71b0-502e-40ae-8bf8-fd218c991fee", "taskId": "fba2f64d-9333-438f-87b8-5f137499fb63", "data[any]": 940064444}
2026-04-04T16:02:07.850+0200	DEBUG	download event	{"type": "update", "downloadId": "8057f5b6-f11c-4b7d-b486-4c080d4e36df", "taskId": "8cb5afb2-f725-4f9a-af2a-7be707d9ebea", "data[any]": 935739068}
2026-04-04T16:02:07.940+0200	DEBUG	download event	{"type": "update", "downloadId": "890b71b0-502e-40ae-8bf8-fd218c991fee", "taskId": "fba2f64d-9333-438f-87b8-5f137499fb63", "data[any]": 949698236}
2026-04-04T16:02:08.050+0200	DEBUG	download event	{"type": "update", "downloadId": "8057f5b6-f11c-4b7d-b486-4c080d4e36df", "taskId": "8cb5afb2-f725-4f9a-af2a-7be707d9ebea", "data[any]": 949370556}
2026-04-04T16:02:08.140+0200	DEBUG	download event	{"type": "update", "downloadId": "890b71b0-502e-40ae-8bf8-fd218c991fee", "taskId": "fba2f64d-9333-438f-87b8-5f137499fb63", "data[any]": 959217340}
2026-04-04T16:02:08.250+0200	DEBUG	download event	{"type": "update", "downloadId": "8057f5b6-f11c-4b7d-b486-4c080d4e36df", "taskId": "8cb5afb2-f725-4f9a-af2a-7be707d9ebea", "data[any]": 963067580}
2026-04-04T16:02:08.340+0200	DEBUG	download event	{"type": "update", "downloadId": "890b71b0-502e-40ae-8bf8-fd218c991fee", "taskId": "fba2f64d-9333-438f-87b8-5f137499fb63", "data[any]": 968851132}
2026-04-04T16:02:08.450+0200	DEBUG	download event	{"type": "update", "downloadId": "8057f5b6-f11c-4b7d-b486-4c080d4e36df", "taskId": "8cb5afb2-f725-4f9a-af2a-7be707d9ebea", "data[any]": 976535228}
2026-04-04T16:02:08.540+0200	DEBUG	download event	{"type": "update", "downloadId": "890b71b0-502e-40ae-8bf8-fd218c991fee", "taskId": "fba2f64d-9333-438f-87b8-5f137499fb63", "data[any]": 978370236}
2026-04-04T16:02:08.650+0200	DEBUG	download event	{"type": "update", "downloadId": "8057f5b6-f11c-4b7d-b486-4c080d4e36df", "taskId": "8cb5afb2-f725-4f9a-af2a-7be707d9ebea", "data[any]": 990166716}
2026-04-04T16:02:08.740+0200	DEBUG	download event	{"type": "update", "downloadId": "890b71b0-502e-40ae-8bf8-fd218c991fee", "taskId": "fba2f64d-9333-438f-87b8-5f137499fb63", "data[any]": 987905724}
2026-04-04T16:02:08.850+0200	DEBUG	download event	{"type": "update", "downloadId": "8057f5b6-f11c-4b7d-b486-4c080d4e36df", "taskId": "8cb5afb2-f725-4f9a-af2a-7be707d9ebea", "data[any]": 1003765436}
2026-04-04T16:02:08.940+0200	DEBUG	download event	{"type": "update", "downloadId": "890b71b0-502e-40ae-8bf8-fd218c991fee", "taskId": "fba2f64d-9333-438f-87b8-5f137499fb63", "data[any]": 997408444}
2026-04-04T16:02:09.050+0200	DEBUG	download event	{"type": "update", "downloadId": "8057f5b6-f11c-4b7d-b486-4c080d4e36df", "taskId": "8cb5afb2-f725-4f9a-af2a-7be707d9ebea", "data[any]": 1018363580}
2026-04-04T16:02:09.140+0200	DEBUG	download event	{"type": "update", "downloadId": "890b71b0-502e-40ae-8bf8-fd218c991fee", "taskId": "fba2f64d-9333-438f-87b8-5f137499fb63", "data[any]": 1005059772}
2026-04-04T16:02:09.250+0200	DEBUG	download event	{"type": "update", "downloadId": "8057f5b6-f11c-4b7d-b486-4c080d4e36df", "taskId": "8cb5afb2-f725-4f9a-af2a-7be707d9ebea", "data[any]": 1033567932}
2026-04-04T16:02:09.340+0200	DEBUG	download event	{"type": "update", "downloadId": "890b71b0-502e-40ae-8bf8-fd218c991fee", "taskId": "fba2f64d-9333-438f-87b8-5f137499fb63", "data[any]": 1012891324}
2026-04-04T16:02:09.450+0200	DEBUG	download event	{"type": "update", "downloadId": "8057f5b6-f11c-4b7d-b486-4c080d4e36df", "taskId": "8cb5afb2-f725-4f9a-af2a-7be707d9ebea", "data[any]": 1048706748}
2026-04-04T16:02:09.540+0200	DEBUG	download event	{"type": "update", "downloadId": "890b71b0-502e-40ae-8bf8-fd218c991fee", "taskId": "fba2f64d-9333-438f-87b8-5f137499fb63", "data[any]": 1020903100}
2026-04-04T16:02:09.650+0200	DEBUG	download event	{"type": "update", "downloadId": "8057f5b6-f11c-4b7d-b486-4c080d4e36df", "taskId": "8cb5afb2-f725-4f9a-af2a-7be707d9ebea", "data[any]": 1063878332}
2026-04-04T16:02:09.740+0200	DEBUG	download event	{"type": "update", "downloadId": "890b71b0-502e-40ae-8bf8-fd218c991fee", "taskId": "fba2f64d-9333-438f-87b8-5f137499fb63", "data[any]": 1028849340}
2026-04-04T16:02:09.850+0200	DEBUG	download event	{"type": "update", "downloadId": "8057f5b6-f11c-4b7d-b486-4c080d4e36df", "taskId": "8cb5afb2-f725-4f9a-af2a-7be707d9ebea", "data[any]": 1079066300}
2026-04-04T16:02:09.940+0200	DEBUG	download event	{"type": "update", "downloadId": "890b71b0-502e-40ae-8bf8-fd218c991fee", "taskId": "fba2f64d-9333-438f-87b8-5f137499fb63", "data[any]": 1036926652}
2026-04-04T16:02:10.050+0200	DEBUG	download event	{"type": "update", "downloadId": "8057f5b6-f11c-4b7d-b486-4c080d4e36df", "taskId": "8cb5afb2-f725-4f9a-af2a-7be707d9ebea", "data[any]": 1094418108}
2026-04-04T16:02:10.140+0200	DEBUG	download event	{"type": "update", "downloadId": "890b71b0-502e-40ae-8bf8-fd218c991fee", "taskId": "fba2f64d-9333-438f-87b8-5f137499fb63", "data[any]": 1044381372}
2026-04-04T16:02:10.250+0200	DEBUG	download event	{"type": "update", "downloadId": "8057f5b6-f11c-4b7d-b486-4c080d4e36df", "taskId": "8cb5afb2-f725-4f9a-af2a-7be707d9ebea", "data[any]": 1110982332}
2026-04-04T16:02:10.340+0200	DEBUG	download event	{"type": "update", "downloadId": "890b71b0-502e-40ae-8bf8-fd218c991fee", "taskId": "fba2f64d-9333-438f-87b8-5f137499fb63", "data[any]": 1050427068}
2026-04-04T16:02:10.450+0200	DEBUG	download event	{"type": "update", "downloadId": "8057f5b6-f11c-4b7d-b486-4c080d4e36df", "taskId": "8cb5afb2-f725-4f9a-af2a-7be707d9ebea", "data[any]": 1128054460}
2026-04-04T16:02:10.540+0200	DEBUG	download event	{"type": "update", "downloadId": "890b71b0-502e-40ae-8bf8-fd218c991fee", "taskId": "fba2f64d-9333-438f-87b8-5f137499fb63", "data[any]": 1056472764}
2026-04-04T16:02:10.650+0200	DEBUG	download event	{"type": "update", "downloadId": "8057f5b6-f11c-4b7d-b486-4c080d4e36df", "taskId": "8cb5afb2-f725-4f9a-af2a-7be707d9ebea", "data[any]": 1145208508}
2026-04-04T16:02:10.740+0200	DEBUG	download event	{"type": "update", "downloadId": "890b71b0-502e-40ae-8bf8-fd218c991fee", "taskId": "fba2f64d-9333-438f-87b8-5f137499fb63", "data[any]": 1062534844}
2026-04-04T16:02:10.850+0200	DEBUG	download event	{"type": "update", "downloadId": "8057f5b6-f11c-4b7d-b486-4c080d4e36df", "taskId": "8cb5afb2-f725-4f9a-af2a-7be707d9ebea", "data[any]": 1162297020}
2026-04-04T16:02:10.940+0200	DEBUG	download event	{"type": "update", "downloadId": "890b71b0-502e-40ae-8bf8-fd218c991fee", "taskId": "fba2f64d-9333-438f-87b8-5f137499fb63", "data[any]": 1068777148}
2026-04-04T16:02:11.050+0200	DEBUG	download event	{"type": "update", "downloadId": "8057f5b6-f11c-4b7d-b486-4c080d4e36df", "taskId": "8cb5afb2-f725-4f9a-af2a-7be707d9ebea", "data[any]": 1176207036}
2026-04-04T16:02:11.140+0200	DEBUG	download event	{"type": "update", "downloadId": "890b71b0-502e-40ae-8bf8-fd218c991fee", "taskId": "fba2f64d-9333-438f-87b8-5f137499fb63", "data[any]": 1075625660}
2026-04-04T16:02:11.250+0200	DEBUG	download event	{"type": "update", "downloadId": "8057f5b6-f11c-4b7d-b486-4c080d4e36df", "taskId": "8cb5afb2-f725-4f9a-af2a-7be707d9ebea", "data[any]": 1190248124}
2026-04-04T16:02:11.340+0200	DEBUG	download event	{"type": "update", "downloadId": "890b71b0-502e-40ae-8bf8-fd218c991fee", "taskId": "fba2f64d-9333-438f-87b8-5f137499fb63", "data[any]": 1082539708}
2026-04-04T16:02:11.450+0200	DEBUG	download event	{"type": "update", "downloadId": "8057f5b6-f11c-4b7d-b486-4c080d4e36df", "taskId": "8cb5afb2-f725-4f9a-af2a-7be707d9ebea", "data[any]": 1204764348}
2026-04-04T16:02:11.540+0200	DEBUG	download event	{"type": "update", "downloadId": "890b71b0-502e-40ae-8bf8-fd218c991fee", "taskId": "fba2f64d-9333-438f-87b8-5f137499fb63", "data[any]": 1089568444}
2026-04-04T16:02:11.650+0200	DEBUG	download event	{"type": "update", "downloadId": "8057f5b6-f11c-4b7d-b486-4c080d4e36df", "taskId": "8cb5afb2-f725-4f9a-af2a-7be707d9ebea", "data[any]": 1219493564}
2026-04-04T16:02:11.740+0200	DEBUG	download event	{"type": "update", "downloadId": "890b71b0-502e-40ae-8bf8-fd218c991fee", "taskId": "fba2f64d-9333-438f-87b8-5f137499fb63", "data[any]": 1096646332}
2026-04-04T16:02:11.850+0200	DEBUG	download event	{"type": "update", "downloadId": "8057f5b6-f11c-4b7d-b486-4c080d4e36df", "taskId": "8cb5afb2-f725-4f9a-af2a-7be707d9ebea", "data[any]": 1234566844}
2026-04-04T16:02:11.940+0200	DEBUG	download event	{"type": "update", "downloadId": "890b71b0-502e-40ae-8bf8-fd218c991fee", "taskId": "fba2f64d-9333-438f-87b8-5f137499fb63", "data[any]": 1103822524}
2026-04-04T16:02:12.050+0200	DEBUG	download event	{"type": "update", "downloadId": "8057f5b6-f11c-4b7d-b486-4c080d4e36df", "taskId": "8cb5afb2-f725-4f9a-af2a-7be707d9ebea", "data[any]": 1249951420}
2026-04-04T16:02:12.140+0200	DEBUG	download event	{"type": "update", "downloadId": "890b71b0-502e-40ae-8bf8-fd218c991fee", "taskId": "fba2f64d-9333-438f-87b8-5f137499fb63", "data[any]": 1111211708}
2026-04-04T16:02:12.250+0200	DEBUG	download event	{"type": "update", "downloadId": "8057f5b6-f11c-4b7d-b486-4c080d4e36df", "taskId": "8cb5afb2-f725-4f9a-af2a-7be707d9ebea", "data[any]": 1265450684}
2026-04-04T16:02:12.340+0200	DEBUG	download event	{"type": "update", "downloadId": "890b71b0-502e-40ae-8bf8-fd218c991fee", "taskId": "fba2f64d-9333-438f-87b8-5f137499fb63", "data[any]": 1118715580}
2026-04-04T16:02:12.450+0200	DEBUG	download event	{"type": "update", "downloadId": "8057f5b6-f11c-4b7d-b486-4c080d4e36df", "taskId": "8cb5afb2-f725-4f9a-af2a-7be707d9ebea", "data[any]": 1281097404}
2026-04-04T16:02:12.540+0200	DEBUG	download event	{"type": "update", "downloadId": "890b71b0-502e-40ae-8bf8-fd218c991fee", "taskId": "fba2f64d-9333-438f-87b8-5f137499fb63", "data[any]": 1126235836}
2026-04-04T16:02:12.650+0200	DEBUG	download event	{"type": "update", "downloadId": "8057f5b6-f11c-4b7d-b486-4c080d4e36df", "taskId": "8cb5afb2-f725-4f9a-af2a-7be707d9ebea", "data[any]": 1294007996}
2026-04-04T16:02:12.740+0200	DEBUG	download event	{"type": "update", "downloadId": "890b71b0-502e-40ae-8bf8-fd218c991fee", "taskId": "fba2f64d-9333-438f-87b8-5f137499fb63", "data[any]": 1133985468}
2026-04-04T16:02:12.850+0200	DEBUG	download event	{"type": "update", "downloadId": "8057f5b6-f11c-4b7d-b486-4c080d4e36df", "taskId": "8cb5afb2-f725-4f9a-af2a-7be707d9ebea", "data[any]": 1305476796}
2026-04-04T16:02:12.940+0200	DEBUG	download event	{"type": "update", "downloadId": "890b71b0-502e-40ae-8bf8-fd218c991fee", "taskId": "fba2f64d-9333-438f-87b8-5f137499fb63", "data[any]": 1141948092}
2026-04-04T16:02:13.050+0200	DEBUG	download event	{"type": "update", "downloadId": "8057f5b6-f11c-4b7d-b486-4c080d4e36df", "taskId": "8cb5afb2-f725-4f9a-af2a-7be707d9ebea", "data[any]": 1317207740}
2026-04-04T16:02:13.140+0200	DEBUG	download event	{"type": "update", "downloadId": "890b71b0-502e-40ae-8bf8-fd218c991fee", "taskId": "fba2f64d-9333-438f-87b8-5f137499fb63", "data[any]": 1149894332}
2026-04-04T16:02:13.250+0200	DEBUG	download event	{"type": "update", "downloadId": "8057f5b6-f11c-4b7d-b486-4c080d4e36df", "taskId": "8cb5afb2-f725-4f9a-af2a-7be707d9ebea", "data[any]": 1329233596}
2026-04-04T16:02:13.340+0200	DEBUG	download event	{"type": "update", "downloadId": "890b71b0-502e-40ae-8bf8-fd218c991fee", "taskId": "fba2f64d-9333-438f-87b8-5f137499fb63", "data[any]": 1158135484}
2026-04-04T16:02:13.450+0200	DEBUG	download event	{"type": "update", "downloadId": "8057f5b6-f11c-4b7d-b486-4c080d4e36df", "taskId": "8cb5afb2-f725-4f9a-af2a-7be707d9ebea", "data[any]": 1341390524}
2026-04-04T16:02:13.540+0200	DEBUG	download event	{"type": "update", "downloadId": "890b71b0-502e-40ae-8bf8-fd218c991fee", "taskId": "fba2f64d-9333-438f-87b8-5f137499fb63", "data[any]": 1166507708}
2026-04-04T16:02:13.650+0200	DEBUG	download event	{"type": "update", "downloadId": "8057f5b6-f11c-4b7d-b486-4c080d4e36df", "taskId": "8cb5afb2-f725-4f9a-af2a-7be707d9ebea", "data[any]": 1353678524}
2026-04-04T16:02:13.740+0200	DEBUG	download event	{"type": "update", "downloadId": "890b71b0-502e-40ae-8bf8-fd218c991fee", "taskId": "fba2f64d-9333-438f-87b8-5f137499fb63", "data[any]": 1175043772}
2026-04-04T16:02:13.850+0200	DEBUG	download event	{"type": "update", "downloadId": "8057f5b6-f11c-4b7d-b486-4c080d4e36df", "taskId": "8cb5afb2-f725-4f9a-af2a-7be707d9ebea", "data[any]": 1363721916}
2026-04-04T16:02:13.940+0200	DEBUG	download event	{"type": "update", "downloadId": "890b71b0-502e-40ae-8bf8-fd218c991fee", "taskId": "fba2f64d-9333-438f-87b8-5f137499fb63", "data[any]": 1183710908}
2026-04-04T16:02:14.050+0200	DEBUG	download event	{"type": "update", "downloadId": "8057f5b6-f11c-4b7d-b486-4c080d4e36df", "taskId": "8cb5afb2-f725-4f9a-af2a-7be707d9ebea", "data[any]": 1372438204}
2026-04-04T16:02:14.140+0200	DEBUG	download event	{"type": "update", "downloadId": "890b71b0-502e-40ae-8bf8-fd218c991fee", "taskId": "fba2f64d-9333-438f-87b8-5f137499fb63", "data[any]": 1192443580}
2026-04-04T16:02:14.250+0200	DEBUG	download event	{"type": "update", "downloadId": "8057f5b6-f11c-4b7d-b486-4c080d4e36df", "taskId": "8cb5afb2-f725-4f9a-af2a-7be707d9ebea", "data[any]": 1381416636}
2026-04-04T16:02:14.340+0200	DEBUG	download event	{"type": "update", "downloadId": "890b71b0-502e-40ae-8bf8-fd218c991fee", "taskId": "fba2f64d-9333-438f-87b8-5f137499fb63", "data[any]": 1201209020}
2026-04-04T16:02:14.450+0200	DEBUG	download event	{"type": "update", "downloadId": "8057f5b6-f11c-4b7d-b486-4c080d4e36df", "taskId": "8cb5afb2-f725-4f9a-af2a-7be707d9ebea", "data[any]": 1390476988}
2026-04-04T16:02:14.540+0200	DEBUG	download event	{"type": "update", "downloadId": "890b71b0-502e-40ae-8bf8-fd218c991fee", "taskId": "fba2f64d-9333-438f-87b8-5f137499fb63", "data[any]": 1210105532}
2026-04-04T16:02:14.650+0200	DEBUG	download event	{"type": "update", "downloadId": "8057f5b6-f11c-4b7d-b486-4c080d4e36df", "taskId": "8cb5afb2-f725-4f9a-af2a-7be707d9ebea", "data[any]": 1400078012}
2026-04-04T16:02:14.740+0200	DEBUG	download event	{"type": "update", "downloadId": "890b71b0-502e-40ae-8bf8-fd218c991fee", "taskId": "fba2f64d-9333-438f-87b8-5f137499fb63", "data[any]": 1219083964}
2026-04-04T16:02:14.850+0200	DEBUG	download event	{"type": "update", "downloadId": "8057f5b6-f11c-4b7d-b486-4c080d4e36df", "taskId": "8cb5afb2-f725-4f9a-af2a-7be707d9ebea", "data[any]": 1409547964}
2026-04-04T16:02:14.940+0200	DEBUG	download event	{"type": "update", "downloadId": "890b71b0-502e-40ae-8bf8-fd218c991fee", "taskId": "fba2f64d-9333-438f-87b8-5f137499fb63", "data[any]": 1228439228}
2026-04-04T16:02:15.050+0200	DEBUG	download event	{"type": "update", "downloadId": "8057f5b6-f11c-4b7d-b486-4c080d4e36df", "taskId": "8cb5afb2-f725-4f9a-af2a-7be707d9ebea", "data[any]": 1419083452}
2026-04-04T16:02:15.140+0200	DEBUG	download event	{"type": "update", "downloadId": "890b71b0-502e-40ae-8bf8-fd218c991fee", "taskId": "fba2f64d-9333-438f-87b8-5f137499fb63", "data[any]": 1237958332}
2026-04-04T16:02:15.250+0200	DEBUG	download event	{"type": "update", "downloadId": "8057f5b6-f11c-4b7d-b486-4c080d4e36df", "taskId": "8cb5afb2-f725-4f9a-af2a-7be707d9ebea", "data[any]": 1428831932}
2026-04-04T16:02:15.340+0200	DEBUG	download event	{"type": "update", "downloadId": "890b71b0-502e-40ae-8bf8-fd218c991fee", "taskId": "fba2f64d-9333-438f-87b8-5f137499fb63", "data[any]": 1247477436}
2026-04-04T16:02:15.450+0200	DEBUG	download event	{"type": "update", "downloadId": "8057f5b6-f11c-4b7d-b486-4c080d4e36df", "taskId": "8cb5afb2-f725-4f9a-af2a-7be707d9ebea", "data[any]": 1438514876}
2026-04-04T16:02:15.540+0200	DEBUG	download event	{"type": "update", "downloadId": "890b71b0-502e-40ae-8bf8-fd218c991fee", "taskId": "fba2f64d-9333-438f-87b8-5f137499fb63", "data[any]": 1257127612}
2026-04-04T16:02:15.650+0200	DEBUG	download event	{"type": "update", "downloadId": "8057f5b6-f11c-4b7d-b486-4c080d4e36df", "taskId": "8cb5afb2-f725-4f9a-af2a-7be707d9ebea", "data[any]": 1448296124}
2026-04-04T16:02:15.740+0200	DEBUG	download event	{"type": "update", "downloadId": "890b71b0-502e-40ae-8bf8-fd218c991fee", "taskId": "fba2f64d-9333-438f-87b8-5f137499fb63", "data[any]": 1266745020}
2026-04-04T16:02:15.850+0200	DEBUG	download event	{"type": "update", "downloadId": "8057f5b6-f11c-4b7d-b486-4c080d4e36df", "taskId": "8cb5afb2-f725-4f9a-af2a-7be707d9ebea", "data[any]": 1458044604}
2026-04-04T16:02:15.940+0200	DEBUG	download event	{"type": "update", "downloadId": "890b71b0-502e-40ae-8bf8-fd218c991fee", "taskId": "fba2f64d-9333-438f-87b8-5f137499fb63", "data[any]": 1276526268}
2026-04-04T16:02:16.050+0200	DEBUG	download event	{"type": "update", "downloadId": "8057f5b6-f11c-4b7d-b486-4c080d4e36df", "taskId": "8cb5afb2-f725-4f9a-af2a-7be707d9ebea", "data[any]": 1468137148}
2026-04-04T16:02:16.140+0200	DEBUG	download event	{"type": "update", "downloadId": "890b71b0-502e-40ae-8bf8-fd218c991fee", "taskId": "fba2f64d-9333-438f-87b8-5f137499fb63", "data[any]": 1286471356}
2026-04-04T16:02:16.250+0200	DEBUG	download event	{"type": "update", "downloadId": "8057f5b6-f11c-4b7d-b486-4c080d4e36df", "taskId": "8cb5afb2-f725-4f9a-af2a-7be707d9ebea", "data[any]": 1476509372}
2026-04-04T16:02:16.340+0200	DEBUG	download event	{"type": "update", "downloadId": "890b71b0-502e-40ae-8bf8-fd218c991fee", "taskId": "fba2f64d-9333-438f-87b8-5f137499fb63", "data[any]": 1296776892}
2026-04-04T16:02:16.450+0200	DEBUG	download event	{"type": "update", "downloadId": "8057f5b6-f11c-4b7d-b486-4c080d4e36df", "taskId": "8cb5afb2-f725-4f9a-af2a-7be707d9ebea", "data[any]": 1483783868}
2026-04-04T16:02:16.540+0200	DEBUG	download event	{"type": "update", "downloadId": "890b71b0-502e-40ae-8bf8-fd218c991fee", "taskId": "fba2f64d-9333-438f-87b8-5f137499fb63", "data[any]": 1307180732}
2026-04-04T16:02:16.650+0200	DEBUG	download event	{"type": "update", "downloadId": "8057f5b6-f11c-4b7d-b486-4c080d4e36df", "taskId": "8cb5afb2-f725-4f9a-af2a-7be707d9ebea", "data[any]": 1491336892}
2026-04-04T16:02:16.740+0200	DEBUG	download event	{"type": "update", "downloadId": "890b71b0-502e-40ae-8bf8-fd218c991fee", "taskId": "fba2f64d-9333-438f-87b8-5f137499fb63", "data[any]": 1317650108}
2026-04-04T16:02:16.850+0200	DEBUG	download event	{"type": "update", "downloadId": "8057f5b6-f11c-4b7d-b486-4c080d4e36df", "taskId": "8cb5afb2-f725-4f9a-af2a-7be707d9ebea", "data[any]": 1498267324}
2026-04-04T16:02:16.940+0200	DEBUG	download event	{"type": "update", "downloadId": "890b71b0-502e-40ae-8bf8-fd218c991fee", "taskId": "fba2f64d-9333-438f-87b8-5f137499fb63", "data[any]": 1326710460}
2026-04-04T16:02:17.050+0200	DEBUG	download event	{"type": "update", "downloadId": "8057f5b6-f11c-4b7d-b486-4c080d4e36df", "taskId": "8cb5afb2-f725-4f9a-af2a-7be707d9ebea", "data[any]": 1504100028}
2026-04-04T16:02:17.140+0200	DEBUG	download event	{"type": "update", "downloadId": "890b71b0-502e-40ae-8bf8-fd218c991fee", "taskId": "fba2f64d-9333-438f-87b8-5f137499fb63", "data[any]": 1334312636}
2026-04-04T16:02:17.251+0200	DEBUG	download event	{"type": "update", "downloadId": "8057f5b6-f11c-4b7d-b486-4c080d4e36df", "taskId": "8cb5afb2-f725-4f9a-af2a-7be707d9ebea", "data[any]": 1509883580}
2026-04-04T16:02:17.340+0200	DEBUG	download event	{"type": "update", "downloadId": "890b71b0-502e-40ae-8bf8-fd218c991fee", "taskId": "fba2f64d-9333-438f-87b8-5f137499fb63", "data[any]": 1342209724}
2026-04-04T16:02:17.450+0200	DEBUG	download event	{"type": "update", "downloadId": "8057f5b6-f11c-4b7d-b486-4c080d4e36df", "taskId": "8cb5afb2-f725-4f9a-af2a-7be707d9ebea", "data[any]": 1515552444}
2026-04-04T16:02:17.540+0200	DEBUG	download event	{"type": "update", "downloadId": "890b71b0-502e-40ae-8bf8-fd218c991fee", "taskId": "fba2f64d-9333-438f-87b8-5f137499fb63", "data[any]": 1350254268}
2026-04-04T16:02:17.650+0200	DEBUG	download event	{"type": "update", "downloadId": "8057f5b6-f11c-4b7d-b486-4c080d4e36df", "taskId": "8cb5afb2-f725-4f9a-af2a-7be707d9ebea", "data[any]": 1521270460}
2026-04-04T16:02:17.740+0200	DEBUG	download event	{"type": "update", "downloadId": "890b71b0-502e-40ae-8bf8-fd218c991fee", "taskId": "fba2f64d-9333-438f-87b8-5f137499fb63", "data[any]": 1358511804}
2026-04-04T16:02:17.850+0200	DEBUG	download event	{"type": "update", "downloadId": "8057f5b6-f11c-4b7d-b486-4c080d4e36df", "taskId": "8cb5afb2-f725-4f9a-af2a-7be707d9ebea", "data[any]": 1527316156}
2026-04-04T16:02:17.940+0200	DEBUG	download event	{"type": "update", "downloadId": "890b71b0-502e-40ae-8bf8-fd218c991fee", "taskId": "fba2f64d-9333-438f-87b8-5f137499fb63", "data[any]": 1367097020}
2026-04-04T16:02:18.050+0200	DEBUG	download event	{"type": "update", "downloadId": "8057f5b6-f11c-4b7d-b486-4c080d4e36df", "taskId": "8cb5afb2-f725-4f9a-af2a-7be707d9ebea", "data[any]": 1533427388}
2026-04-04T16:02:18.140+0200	DEBUG	download event	{"type": "update", "downloadId": "890b71b0-502e-40ae-8bf8-fd218c991fee", "taskId": "fba2f64d-9333-438f-87b8-5f137499fb63", "data[any]": 1375813308}
2026-04-04T16:02:18.250+0200	DEBUG	download event	{"type": "update", "downloadId": "8057f5b6-f11c-4b7d-b486-4c080d4e36df", "taskId": "8cb5afb2-f725-4f9a-af2a-7be707d9ebea", "data[any]": 1539604156}
2026-04-04T16:02:18.340+0200	DEBUG	download event	{"type": "update", "downloadId": "890b71b0-502e-40ae-8bf8-fd218c991fee", "taskId": "fba2f64d-9333-438f-87b8-5f137499fb63", "data[any]": 1384677052}
2026-04-04T16:02:18.450+0200	DEBUG	download event	{"type": "update", "downloadId": "8057f5b6-f11c-4b7d-b486-4c080d4e36df", "taskId": "8cb5afb2-f725-4f9a-af2a-7be707d9ebea", "data[any]": 1545895612}
2026-04-04T16:02:18.541+0200	DEBUG	download event	{"type": "update", "downloadId": "890b71b0-502e-40ae-8bf8-fd218c991fee", "taskId": "fba2f64d-9333-438f-87b8-5f137499fb63", "data[any]": 1393458876}
2026-04-04T16:02:18.650+0200	DEBUG	download event	{"type": "update", "downloadId": "8057f5b6-f11c-4b7d-b486-4c080d4e36df", "taskId": "8cb5afb2-f725-4f9a-af2a-7be707d9ebea", "data[any]": 1552285372}
2026-04-04T16:02:18.740+0200	DEBUG	download event	{"type": "update", "downloadId": "890b71b0-502e-40ae-8bf8-fd218c991fee", "taskId": "fba2f64d-9333-438f-87b8-5f137499fb63", "data[any]": 1402633916}
2026-04-04T16:02:18.850+0200	DEBUG	download event	{"type": "update", "downloadId": "8057f5b6-f11c-4b7d-b486-4c080d4e36df", "taskId": "8cb5afb2-f725-4f9a-af2a-7be707d9ebea", "data[any]": 1559084732}
2026-04-04T16:02:18.941+0200	DEBUG	download event	{"type": "update", "downloadId": "890b71b0-502e-40ae-8bf8-fd218c991fee", "taskId": "fba2f64d-9333-438f-87b8-5f137499fb63", "data[any]": 1412005564}
2026-04-04T16:02:19.050+0200	DEBUG	download event	{"type": "update", "downloadId": "8057f5b6-f11c-4b7d-b486-4c080d4e36df", "taskId": "8cb5afb2-f725-4f9a-af2a-7be707d9ebea", "data[any]": 1565785788}
2026-04-04T16:02:19.140+0200	DEBUG	download event	{"type": "update", "downloadId": "890b71b0-502e-40ae-8bf8-fd218c991fee", "taskId": "fba2f64d-9333-438f-87b8-5f137499fb63", "data[any]": 1421557436}
2026-04-04T16:02:19.250+0200	DEBUG	download event	{"type": "update", "downloadId": "8057f5b6-f11c-4b7d-b486-4c080d4e36df", "taskId": "8cb5afb2-f725-4f9a-af2a-7be707d9ebea", "data[any]": 1572716220}
2026-04-04T16:02:19.340+0200	DEBUG	download event	{"type": "update", "downloadId": "890b71b0-502e-40ae-8bf8-fd218c991fee", "taskId": "fba2f64d-9333-438f-87b8-5f137499fb63", "data[any]": 1431305916}
2026-04-04T16:02:19.450+0200	DEBUG	download event	{"type": "update", "downloadId": "8057f5b6-f11c-4b7d-b486-4c080d4e36df", "taskId": "8cb5afb2-f725-4f9a-af2a-7be707d9ebea", "data[any]": 1579859644}
2026-04-04T16:02:19.540+0200	DEBUG	download event	{"type": "update", "downloadId": "890b71b0-502e-40ae-8bf8-fd218c991fee", "taskId": "fba2f64d-9333-438f-87b8-5f137499fb63", "data[any]": 1440808636}
2026-04-04T16:02:19.650+0200	DEBUG	download event	{"type": "update", "downloadId": "8057f5b6-f11c-4b7d-b486-4c080d4e36df", "taskId": "8cb5afb2-f725-4f9a-af2a-7be707d9ebea", "data[any]": 1586871996}
2026-04-04T16:02:19.741+0200	DEBUG	download event	{"type": "update", "downloadId": "890b71b0-502e-40ae-8bf8-fd218c991fee", "taskId": "fba2f64d-9333-438f-87b8-5f137499fb63", "data[any]": 1450606268}
2026-04-04T16:02:19.850+0200	DEBUG	download event	{"type": "update", "downloadId": "8057f5b6-f11c-4b7d-b486-4c080d4e36df", "taskId": "8cb5afb2-f725-4f9a-af2a-7be707d9ebea", "data[any]": 1593949884}
2026-04-04T16:02:19.852+0200	INFO	Downloader shutting down
2026-04-04T16:02:19.852+0200	DEBUG	Downloader awaiting task completion for	{"time": "2.49999505s"}
2026-04-04T16:02:19.940+0200	DEBUG	download event	{"type": "update", "downloadId": "890b71b0-502e-40ae-8bf8-fd218c991fee", "taskId": "fba2f64d-9333-438f-87b8-5f137499fb63", "data[any]": 1460174524}
2026-04-04T16:02:20.050+0200	DEBUG	download event	{"type": "update", "downloadId": "8057f5b6-f11c-4b7d-b486-4c080d4e36df", "taskId": "8cb5afb2-f725-4f9a-af2a-7be707d9ebea", "data[any]": 1601388220}
2026-04-04T16:02:20.140+0200	DEBUG	download event	{"type": "update", "downloadId": "890b71b0-502e-40ae-8bf8-fd218c991fee", "taskId": "fba2f64d-9333-438f-87b8-5f137499fb63", "data[any]": 1469988540}
2026-04-04T16:02:20.250+0200	DEBUG	download event	{"type": "update", "downloadId": "8057f5b6-f11c-4b7d-b486-4c080d4e36df", "taskId": "8cb5afb2-f725-4f9a-af2a-7be707d9ebea", "data[any]": 1608826556}
2026-04-04T16:02:20.340+0200	DEBUG	download event	{"type": "update", "downloadId": "890b71b0-502e-40ae-8bf8-fd218c991fee", "taskId": "fba2f64d-9333-438f-87b8-5f137499fb63", "data[any]": 1479818940}
2026-04-04T16:02:20.450+0200	DEBUG	download event	{"type": "update", "downloadId": "8057f5b6-f11c-4b7d-b486-4c080d4e36df", "taskId": "8cb5afb2-f725-4f9a-af2a-7be707d9ebea", "data[any]": 1616592572}
2026-04-04T16:02:20.540+0200	DEBUG	download event	{"type": "update", "downloadId": "890b71b0-502e-40ae-8bf8-fd218c991fee", "taskId": "fba2f64d-9333-438f-87b8-5f137499fb63", "data[any]": 1490026172}
2026-04-04T16:02:20.650+0200	DEBUG	download event	{"type": "update", "downloadId": "8057f5b6-f11c-4b7d-b486-4c080d4e36df", "taskId": "8cb5afb2-f725-4f9a-af2a-7be707d9ebea", "data[any]": 1624407740}
2026-04-04T16:02:20.740+0200	DEBUG	download event	{"type": "update", "downloadId": "890b71b0-502e-40ae-8bf8-fd218c991fee", "taskId": "fba2f64d-9333-438f-87b8-5f137499fb63", "data[any]": 1500462780}
2026-04-04T16:02:20.850+0200	DEBUG	download event	{"type": "update", "downloadId": "8057f5b6-f11c-4b7d-b486-4c080d4e36df", "taskId": "8cb5afb2-f725-4f9a-af2a-7be707d9ebea", "data[any]": 1632337596}
2026-04-04T16:02:20.940+0200	DEBUG	download event	{"type": "update", "downloadId": "890b71b0-502e-40ae-8bf8-fd218c991fee", "taskId": "fba2f64d-9333-438f-87b8-5f137499fb63", "data[any]": 1510817468}
2026-04-04T16:02:21.050+0200	DEBUG	download event	{"type": "update", "downloadId": "8057f5b6-f11c-4b7d-b486-4c080d4e36df", "taskId": "8cb5afb2-f725-4f9a-af2a-7be707d9ebea", "data[any]": 1640316604}
2026-04-04T16:02:21.140+0200	DEBUG	download event	{"type": "update", "downloadId": "890b71b0-502e-40ae-8bf8-fd218c991fee", "taskId": "fba2f64d-9333-438f-87b8-5f137499fb63", "data[any]": 1521237692}
2026-04-04T16:02:21.250+0200	DEBUG	download event	{"type": "update", "downloadId": "8057f5b6-f11c-4b7d-b486-4c080d4e36df", "taskId": "8cb5afb2-f725-4f9a-af2a-7be707d9ebea", "data[any]": 1648361148}
2026-04-04T16:02:21.340+0200	DEBUG	download event	{"type": "update", "downloadId": "890b71b0-502e-40ae-8bf8-fd218c991fee", "taskId": "fba2f64d-9333-438f-87b8-5f137499fb63", "data[any]": 1531559612}
2026-04-04T16:02:21.450+0200	DEBUG	download event	{"type": "update", "downloadId": "8057f5b6-f11c-4b7d-b486-4c080d4e36df", "taskId": "8cb5afb2-f725-4f9a-af2a-7be707d9ebea", "data[any]": 1656733372}
2026-04-04T16:02:21.541+0200	DEBUG	download event	{"type": "update", "downloadId": "890b71b0-502e-40ae-8bf8-fd218c991fee", "taskId": "fba2f64d-9333-438f-87b8-5f137499fb63", "data[any]": 1542028988}
2026-04-04T16:02:21.650+0200	DEBUG	download event	{"type": "update", "downloadId": "8057f5b6-f11c-4b7d-b486-4c080d4e36df", "taskId": "8cb5afb2-f725-4f9a-af2a-7be707d9ebea", "data[any]": 1665334972}
2026-04-04T16:02:21.740+0200	DEBUG	download event	{"type": "update", "downloadId": "890b71b0-502e-40ae-8bf8-fd218c991fee", "taskId": "fba2f64d-9333-438f-87b8-5f137499fb63", "data[any]": 1552481980}
2026-04-04T16:02:21.850+0200	DEBUG	download event	{"type": "update", "downloadId": "8057f5b6-f11c-4b7d-b486-4c080d4e36df", "taskId": "8cb5afb2-f725-4f9a-af2a-7be707d9ebea", "data[any]": 1673985724}
2026-04-04T16:02:21.940+0200	DEBUG	download event	{"type": "update", "downloadId": "890b71b0-502e-40ae-8bf8-fd218c991fee", "taskId": "fba2f64d-9333-438f-87b8-5f137499fb63", "data[any]": 1563082428}
2026-04-04T16:02:22.050+0200	DEBUG	download event	{"type": "update", "downloadId": "8057f5b6-f11c-4b7d-b486-4c080d4e36df", "taskId": "8cb5afb2-f725-4f9a-af2a-7be707d9ebea", "data[any]": 1682718396}
2026-04-04T16:02:22.140+0200	DEBUG	download event	{"type": "update", "downloadId": "890b71b0-502e-40ae-8bf8-fd218c991fee", "taskId": "fba2f64d-9333-438f-87b8-5f137499fb63", "data[any]": 1573535420}
2026-04-04T16:02:22.250+0200	DEBUG	download event	{"type": "update", "downloadId": "8057f5b6-f11c-4b7d-b486-4c080d4e36df", "taskId": "8cb5afb2-f725-4f9a-af2a-7be707d9ebea", "data[any]": 1691467452}
2026-04-04T16:02:22.341+0200	DEBUG	download event	{"type": "update", "downloadId": "890b71b0-502e-40ae-8bf8-fd218c991fee", "taskId": "fba2f64d-9333-438f-87b8-5f137499fb63", "data[any]": 1584365244}
2026-04-04T16:02:22.352+0200	WARN	Graceful phase timed out, cancelling tasks
2026-04-04T16:02:22.352+0200	DEBUG	Downloader awaiting events drain for	{"time": "2.499995051s"}
2026-04-04T16:02:22.352+0200	DEBUG	download event	{"type": "cancel", "downloadId": "890b71b0-502e-40ae-8bf8-fd218c991fee", "taskId": "fba2f64d-9333-438f-87b8-5f137499fb63", "data[any]": null}
2026-04-04T16:02:22.352+0200	DEBUG	download event	{"type": "cancel", "downloadId": "8057f5b6-f11c-4b7d-b486-4c080d4e36df", "taskId": "8cb5afb2-f725-4f9a-af2a-7be707d9ebea", "data[any]": null}
2026-04-04T16:02:22.352+0200	INFO	All tasks removed after cancel
